{
    "radix_sort": [
        {
            "data_type": "Random",
            "data_size": "tiny",
            "rows": 10,
            "cols": 10000,
            "times": {
                "msd_c_6_always_insert_update": [
                    0.015343964000294363,
                    0.016072174000328232,
                    0.013445790999867313,
                    0.022251635999964492,
                    0.012480160999984946,
                    0.01387189400020361,
                    0.013796870000078343,
                    0.013828382000156125,
                    0.014581230000203504,
                    0.013820875999954296
                ],
                "msd_c_8_always_insert_update": [
                    0.016966307000075176,
                    0.018187542999839934,
                    0.01701325900012307,
                    0.017265834999761864,
                    0.017786790000172914,
                    0.018221473999801674,
                    0.024414520999926026,
                    0.02172532099984892,
                    0.023054242000398517,
                    0.013439620999633917
                ],
                "msd_c_10_always_insert_update": [
                    0.014655918000244128,
                    0.018833612999969773,
                    0.014471976999629987,
                    0.015653355999802443,
                    0.01426797300018734,
                    0.017646194999997533,
                    0.017510113999833266,
                    0.012992832999771053,
                    0.015058065000175702,
                    0.01729678600031548
                ],
                "msd_c_12_always_insert_update": [
                    0.01319082800000615,
                    0.01652086399963082,
                    0.013836505000199395,
                    0.012350971999694593,
                    0.013032083000325656,
                    0.01120423500015022,
                    0.01300344999981462,
                    0.016970071999821812,
                    0.012892407999970601,
                    0.012882763000106934
                ],
                "msd_c_14_always_insert_update": [
                    0.014592402999824117,
                    0.014169522999964101,
                    0.014643543000147474,
                    0.017254895999940345,
                    0.018110404000253766,
                    0.013992372000302566,
                    0.016781829000137805,
                    0.016276572000151646,
                    0.01382913199995528,
                    0.016656321000027674
                ],
                "msd_c_16_always_insert_update": [
                    0.016296315000090544,
                    0.023028319999866653,
                    0.01250919599988265,
                    0.01247862799982613,
                    0.01575217000026896,
                    0.015304068999739684,
                    0.01550860699990153,
                    0.020338274000096135,
                    0.013333995000266441,
                    0.017177456999888818
                ],
                "timsort_n_0_timsort": [
                    0.0011715660002664663,
                    0.0010411370003566844,
                    0.0012793550004062126,
                    0.001353946000108408,
                    0.0014509950001411198,
                    0.001280526000300597,
                    0.0010168379999413446,
                    0.0013029970000388857,
                    0.0012782310000147845,
                    0.0012419119998412498
                ]
            }
        },
        {
            "data_type": "Random",
            "data_size": "small",
            "rows": 10,
            "cols": 10000,
            "times": {
                "msd_c_6_always_insert_update": [
                    0.018528316999891103,
                    0.0178774619998876,
                    0.01563913700010744,
                    0.014799039000081393,
                    0.015076220000082685,
                    0.021620833999804745,
                    0.02213864800023657,
                    0.01938371799997185,
                    0.01834492300031343,
                    0.014350094999826979
                ],
                "msd_c_8_always_insert_update": [
                    0.016418100000009872,
                    0.017057996000403364,
                    0.013782807000097819,
                    0.017622563000259106,
                    0.018246265000016137,
                    0.017776942000182316,
                    0.013992959999995946,
                    0.01641866399995706,
                    0.01548471200021595,
                    0.022580586999993102
                ],
                "msd_c_10_always_insert_update": [
                    0.012807878999865352,
                    0.015951088999827334,
                    0.02818551199970898,
                    0.014304874000117707,
                    0.015614494000146806,
                    0.017005311000048096,
                    0.01756106599987106,
                    0.015535960999841336,
                    0.01593813699992097,
                    0.015086280000105035
                ],
                "msd_c_12_always_insert_update": [
                    0.012959581000359321,
                    0.015617971000210673,
                    0.014214399000138656,
                    0.012567572000079963,
                    0.015960087000166823,
                    0.01603262500020719,
                    0.018585858999813354,
                    0.019243332999849372,
                    0.021972069000185,
                    0.01686560299958728
                ],
                "msd_c_14_always_insert_update": [
                    0.01952979200041227,
                    0.016455976000088413,
                    0.016835956999784685,
                    0.01641816299979837,
                    0.01651686199966207,
                    0.01821156999994855,
                    0.024763216999872384,
                    0.016950127000200155,
                    0.015312850000100298,
                    0.018597327999941626
                ],
                "msd_c_16_always_insert_update": [
                    0.020092735999696743,
                    0.0143207330002042,
                    0.030161935999785783,
                    0.01667566900005113,
                    0.021015568999700918,
                    0.01895922599987898,
                    0.016234349999649567,
                    0.07881579500008229,
                    0.016579021999859833,
                    0.015199749000203155
                ],
                "timsort_n_0_timsort": [
                    0.0013065550001556403,
                    0.0013822309997522098,
                    0.001089736000267294,
                    0.0010720909999690775,
                    0.001424720000159141,
                    0.0012868139997408434,
                    0.0013024800000493997,
                    0.0011632340001597186,
                    0.0009913620001498202,
                    0.0009386700003233273
                ]
            }
        }
    ]
}