{
    "radix_sort": [
        {
            "data_type": "Random",
            "data_size": "tiny",
            "rows": 10,
            "cols": 10000,
            "times": {
                "msd_c_6_always_insert_update": [
                    0.009023753000064971,
                    0.009718493000036688,
                    0.010327451999955883,
                    0.010291110000025583,
                    0.011759382000036567,
                    0.010513397000067926,
                    0.00989706199993634,
                    0.009908066999969378,
                    0.010473231999867494,
                    0.010600292999924932
                ],
                "msd_c_8_always_insert_update": [
                    0.00925154699984887,
                    0.009696829999938927,
                    0.00923297100007403,
                    0.009512330999996266,
                    0.011088900000004287,
                    0.011080970999955753,
                    0.010010224000097878,
                    0.010039323999990302,
                    0.010313832000065304,
                    0.010487004000196976
                ],
                "msd_c_10_always_insert_update": [
                    0.011094654000089577,
                    0.011421281999901112,
                    0.01194691899991085,
                    0.012785263999830931,
                    0.010593671000151517,
                    0.011194720000048619,
                    0.011916299999938929,
                    0.012389726000037626,
                    0.0108947219998754,
                    0.01002546099994106
                ],
                "msd_c_12_always_insert_update": [
                    0.011479044999987309,
                    0.012932353999985935,
                    0.012465291000125944,
                    0.010621015999959127,
                    0.011612917999855199,
                    0.012285958999882496,
                    0.011129633999871658,
                    0.01101451099998485,
                    0.01240023100012877,
                    0.01228543999991416
                ],
                "msd_c_14_always_insert_update": [
                    0.0097602690000258,
                    0.009871577000012621,
                    0.009555756000054316,
                    0.009670145999962187,
                    0.011472571000012977,
                    0.01146757600008641,
                    0.009993523000048299,
                    0.012700821999942491,
                    0.011127392999924268,
                    0.010263554999937696
                ],
                "msd_c_16_always_insert_update": [
                    0.011317871000073865,
                    0.011522775000003094,
                    0.01181565000001683,
                    0.010095456000044578,
                    0.009451009000031263,
                    0.009911931000033292,
                    0.010445833999938259,
                    0.010625765999975556,
                    0.01101547500002198,
                    0.0114433700000518
                ],
                "timsort_n_0_timsort": [
                    0.0009452730000703014,
                    0.0009728300001370371,
                    0.0009701049998511735,
                    0.0010498710000774736,
                    0.0010266409999530879,
                    0.0010281330000907474,
                    0.0010263149999900634,
                    0.0011526759999469505,
                    0.0010443220000979636,
                    0.0010111900000993046
                ]
            }
        }
    ]
}