{"radix_sort": [{"data_type": "Random", "data_size": "med", "rows": 100, "cols": 100000, "times": {"lsd_p_8": [0.0750466250028694, 0.05997059299988905, 0.0524096989975078, 0.06053990699729184, 0.049528124000062235, 0.05258852100087097, 0.06187662100273883, 0.05164784099906683, 0.05159738400107017, 0.06150226399768144, 0.0517496239990578, 0.05141329499747371, 0.061826491000829265, 0.05143752099684207, 0.05135094000434037, 0.061293199003557675, 0.05225261799932923, 0.052147308000712655, 0.06151913500070805, 0.05193886300548911, 0.0516040879956563, 0.06217228400055319, 0.05179616199893644, 0.052885237004375085, 0.061317531995882746, 0.050112112003262155, 0.05415518600057112, 0.06045295599324163, 0.05304051499842899, 0.05531482600054005, 0.061687793997407425, 0.05785546400147723, 0.052615377004258335, 0.06159198299428681, 0.05065329000353813, 0.058259410005121026, 0.049719396003638394, 0.05286583899578545, 0.05828353999822866, 0.049982877993898, 0.05288271600147709, 0.062413270003162324, 0.051870483002858236, 0.05170398599875625, 0.06146188399725361, 0.05196273799811024, 0.052581723997718655, 0.061147291999077424, 0.05182677300035721, 0.0545303850012715, 0.059808832993439864, 0.05297536199941533, 0.0511795610000263, 0.06040568699972937, 0.050681369997619186, 0.05513053000322543, 0.06228951600496657, 0.05224819399882108, 0.060716195999702904, 0.051123035002092365, 0.054641105998598505, 0.052398567997443024, 0.06169596599647775, 0.051433973996608984, 0.05292833899875404, 0.06304358799388865, 0.052814401999057736, 0.06057536300068023, 0.05094459500105586, 0.05309086100169225, 0.05871397099690512, 0.05276114499429241, 0.051715561996388715, 0.061065485002473, 0.0505705730029149, 0.05266409899923019, 0.06212008700094884, 0.05195995199755998, 0.0628215739998268, 0.052297656002338044, 0.06214566200651461, 0.05047890699643176, 0.052822103003563825, 0.058358929003588855, 0.05027346900169505, 0.052034305001143366, 0.05831550099537708, 0.049868901005538646, 0.053292775999580044, 0.05990508199465694, 0.05202456900588004, 0.060168539006554056, 0.05054388199641835, 0.05246263700246345, 0.061152889000368305, 0.051833191006153356, 0.061885707000328694, 0.05082030800258508, 0.051331238995771855, 0.06146571200224571], "lsd_c_8": [0.0008664959968882613, 0.0002990380016854033, 0.0002940889971796423, 0.0003088770026806742, 0.0003338940005050972, 0.0003653449966805056, 0.0034880969978985377, 0.00030584100022679195, 0.00032452600135002285, 0.0003010519940289669, 0.0008596330008003861, 0.0002995089962496422, 0.00031302400020649657, 0.00037541400524787605, 0.00030057100229896605, 0.00029965899739181623, 0.0008849909936543554, 0.0004397849988890812, 0.0004678390032495372, 0.004247068005497567, 0.00030295599572127685, 0.0004739200012409128, 0.0004730790024041198, 0.0004941990046063438, 0.00047515200276393443, 0.0004529699945123866, 0.0003454769976087846, 0.00030783499823883176, 0.0009100190000026487, 0.00030404800054384395, 0.0002999499993165955, 0.0003003309975611046, 0.0003181950014550239, 0.006891071003337856, 0.00035461399966152385, 0.00033917499968083575, 0.00030330599838634953, 0.0006140870027593337, 0.0004443440047907643, 0.00037056399742141366, 0.0003030660009244457, 0.00029122299747541547, 0.0004872459976468235, 0.006151416004286148, 0.00036695699964184314, 0.0004904620000161231, 0.00031801400473341346, 0.0006288650038186461, 0.0003809339978033677, 0.00030295600299723446, 0.0002929359980043955, 0.00030381699616555125, 0.0003099789973930456, 0.00029340699984459206, 0.0004254580053384416, 0.0003678270004456863, 0.0003086159995291382, 0.0004083559979335405, 0.00036820900277234614, 0.00035069599834969267, 0.0003008209969266318, 0.00036131600063527003, 0.0003206389956176281, 0.0003088369994657114, 0.00044025600072927773, 0.00030228499963413924, 0.00030411800253205, 0.00435939399903873, 0.00032054899929789826, 0.0003089870006078854, 0.0003361280032549985, 0.0003416290055611171, 0.0003017130002263002, 0.003254892995755654, 0.00043567700049607083, 0.00045310099812923, 0.00029965899739181623, 0.001145165995694697, 0.00047462200018344447, 0.00030599100136896595, 0.0003075439963140525, 0.0003535819996614009, 0.0003110010002274066, 0.0003653940002550371, 0.0003046790006919764, 0.00031455799762625247, 0.003894799003319349, 0.0003029360013897531, 0.0002912839991040528, 0.0002912929994636215, 0.0003048900034627877, 0.00029149399779271334, 0.00043535700388019904, 0.00029125299624865875, 0.0002991879955516197, 0.0009317299991380423, 0.00030205400253180414, 0.00036086500040255487, 0.0003154799996991642, 0.00047586399887222797]}}, {"data_type": "Random", "data_size": "small", "rows": 100, "cols": 100000, "times": {"lsd_p_8": [0.027364337001927197, 0.029422113999316934, 0.04273274400475202, 0.0297746959986398, 0.046967798996774945, 0.041906188998837024, 0.02732038399699377, 0.039105515999835916, 0.04895155800477369, 0.02852488500502659, 0.029746432999672834, 0.0416496250036289, 0.02953167600207962, 0.04708522200235166, 0.027939300998696126, 0.02954362799937371, 0.04835749499761732, 0.028067535000445787, 0.02967014699970605, 0.04175394400226651, 0.029902089001552667, 0.04172966800251743, 0.03037447699898621, 0.04102991899708286, 0.030161745999066625, 0.0414395829939167, 0.029648866002389695, 0.0473679290007567, 0.02754555800493108, 0.04576451300090412, 0.028728545999911148, 0.030047904001548886, 0.04212425600417191, 0.028828605005401187, 0.040277275002154056, 0.029119337996235117, 0.04103475400188472, 0.029098728999088053, 0.046424075997492764, 0.027233248998527415, 0.029300727001100313, 0.041128206001303624, 0.029391759999271017, 0.040813239000272006, 0.029131676004908513, 0.04768737399717793, 0.02753992199723143, 0.029383524000877514, 0.04124347400647821, 0.029435381999064703, 0.04062092000094708, 0.02953157600131817, 0.04670297000120627, 0.02804038299655076, 0.02952647600614, 0.048667939998267684, 0.027892922997125424, 0.029845872006262653, 0.04759156300133327, 0.028266171997529455, 0.030105215002549812, 0.04215920400019968, 0.029454161995090544, 0.040427637002721895, 0.03000733500084607, 0.040999992001161445, 0.029601985996123403, 0.04033697200065944, 0.03031877699686447, 0.04718159900221508, 0.029668473005585838, 0.03048406000016257, 0.048961138003505766, 0.027555722001125105, 0.03093996099778451, 0.0412992409983417, 0.029669517003640067, 0.04082570000173291, 0.030438333000347484, 0.05012585900112754, 0.0410817070005578, 0.02808906500285957, 0.030037326003366616, 0.04863317299896153, 0.028019869001582265, 0.02922747599950526, 0.042455713999515865, 0.029903893002483528, 0.04816782099806005, 0.027895375998923555, 0.02941110500250943, 0.04202197300037369, 0.029288805002579466, 0.041224118998798076, 0.029631163997692056, 0.045685924000281375, 0.028593078000994865, 0.029570880004030187, 0.041990886005805805, 0.02968131800298579],