{"radix_sort": [{"data_type": "Random", "data_size": "small", "rows": 50, "cols": 50000, "times": {"msd_p_8": [0.02256429599947296, 0.04959472799964715, 0.022326071999486885, 0.02242774600017583, 0.02233559799969953, 0.02267921299971931, 0.02421225900070567, 0.027875963000042248, 0.022800234999522218, 0.022545441001057043, 0.02236549000008381, 0.022290753999186563, 0.022284337999735726, 0.02248722900003486, 0.023357248999673175, 0.02220934999968449, 0.022266750998824136, 0.02233011499993154, 0.022259698000198114, 0.022332844000629848, 0.022322684999380726, 0.022416484000132186, 0.022401190999516984, 0.022529502000907087, 0.023401491998811252, 0.024774554000032367, 0.02390799300155777, 0.02282026099965151, 0.022723509999195812, 0.022852026999316877, 0.022797296000135248, 0.022748536999642965, 0.022721119999914663, 0.024317772000358673, 0.022606725000514416, 0.022272401000009268, 0.022803780000685947, 0.022245038000619388, 0.02233775999957288, 0.022652337000181433, 0.02236203599932196, 0.022585216000152286, 0.022641001000010874, 0.022336759000609163, 0.022327078999296646, 0.02230848799990781, 0.022266947000389337, 0.02222610200078634, 0.022127910999188316, 0.02248870500079647], "msd_c_8": [0.023283040000023902, 0.05053686800056312, 0.023752630999297253, 0.023402085998895927, 0.02335846799905994, 0.02303280400155927, 0.023393936999127618, 0.028850709000835195, 0.023617422999450355, 0.0234274419999565, 0.023385038000924396, 0.023202258000310394, 0.023917208000057144, 0.024047087999861105, 0.023990412999410182, 0.023096417000488145, 0.023147570000219275, 0.02315166200060048, 0.023214758999529295, 0.023111561999030528, 0.023049470999467303, 0.023406537000482786, 0.02317962499910209, 0.02336195600037172, 0.02325600499898428, 0.023249305000717868, 0.023463573001208715, 0.02375104599923361, 0.02350841600127751, 0.023500893001255463, 0.023320157999478397, 0.023397906001264346, 0.02338718700048048, 0.02324704899911012, 0.023329192999881343, 0.023806727998817223, 0.02310547100023541, 0.023128171000280418, 0.02305642200008151, 0.024404035999396, 0.023258975999851828, 0.023551020000013523, 0.02318393899986404, 0.023252572000274085, 0.023164172998804133, 0.023068655998940812, 0.023333787999945343, 0.024004311999306083, 0.023143967999203596, 0.023150613000325393]}, "threshold": 0}, {"data_type": "Random", "data_size": "small", "rows": 50, "cols": 50000, "times": {"msd_p_8": [0.02234924399999727, 0.022281079998720088, 0.02222382099898823, 0.02247583600001235, 0.02235479800037865, 0.022388630000932608, 0.022456194999904255, 0.022566698000446195, 0.022773843000322813, 0.0235374870007945, 0.022359717999279383, 0.022175608000907232, 0.022138361000543227, 0.022059853999962797, 0.022425967999879504, 0.022194355000465293, 0.022865143999297288, 0.023383705000014743, 0.022070830998927704, 0.022181540998644778, 0.02229247899958864, 0.022218459000214352, 0.022221489000003203, 0.022203443999387673, 0.022237224999116734, 0.022388548000890296, 0.022396697999283788, 0.022112249998826883, 0.022131068000817322, 0.02251592900029209, 0.02240385099867126, 0.022318261000691564, 0.02236806200016872, 0.022486574000140536, 0.022417836999011342, 0.02315198499854887, 0.02223591099937039, 0.022246841001106077, 0.022376896999048768, 0.02225342699966859, 0.022202729998753057, 0.02229707500009681, 0.022191329999259324, 0.022315734000585508, 0.022242015000301762, 0.02229362499929266, 0.022289672000624705, 0.02222910799901001, 0.022223361000214936, 0.02221278499928303], "msd_c_8": [0.023108593999495497, 0.023081273000570945, 0.024364569999306696, 0.024339440000403556, 0.023639733999516466, 0.02333540800100309, 0.02335105399833992, 0.023560634999739705, 0.023470679001547978, 0.023675802998695872, 0.023654421000173897, 0.024332807999599027, 0.023192067999843857, 0.023298873000385356, 0.023415108998960932, 0.023261628999534878, 0.02316332300142676, 0.023287041000003228, 0.02314992899846402, 0.023224320000736043, 0.02311087099951692, 0.023137807000239263, 0.0231774839994614, 0.023049167000863235, 0.023195844998554094, 0.023061084000801202, 0.02339470200058713, 0.02316939600132173, 0.023280059000171605, 0.02327859599972726, 0.02325877200019022, 0.023372485000436427, 0.02344697499938775, 0.023424229000738706, 0.023404274999847985, 0.023350028999630013, 0.023357258998657926, 0.02345135200084769, 0.024442490999717847, 0.02328732800015132, 0.023248051000337, 0.023416556001393474, 0.02382572599890409, 0.02401068499966641, 0.023961930000950815, 0.02392044100088242, 0.02397350699902745, 0.024057578999418183, 0.02394384399849514, 0.023963003999597277]}, "threshold": 10000}, {"data_type": "Random", "data_size": "small", "rows": 50, "cols": 50000, "times": {"msd_p_8": [0.022406033000152092, 0.0224979410013475, 0.022076070999901276, 0.022218055999474018, 0.02227468700039026, 0.022448149000410922, 0.022412758000427857, 0.022647041001619073, 0.02363725000031991, 0.023511429000791395, 0.02423835199988389, 0.02243277100023988, 0.02228278899929137, 0.022239190999243874, 0.022375120001015603, 0.02220640599989565, 0.02228369600015867, 0.022392998000213993, 0.022391428001355962, 0.022141388999443734, 0.022247000999414013, 0.022518690000651986, 0.02257143799943151, 0.022413746000893298, 0.02242462600042927, 0.022218891001102747, 0.02238348200080509, 0.022496961000797455, 0.022348592001435463, 0.022600303000217536, 0.022476782000012463, 0.022566282999832765, 0.02252324300025066, 0.022521687000335078, 0.022592946001168457, 0.0226769550008612, 0.023323161998632713, 0.022271994999755407, 0.02215514700037602, 0.022371197999746073, 0.022435393000705517, 0.022537187998750596, 0.022435898001276655, 0.022624593999353237, 0.022448159999839845, 0.02242588499939302, 0.022470957999757957, 0.02231253799982369, 0.022329551000439096, 0.022515217000545817], "msd_c_8": [0.023558443999718293, 0.02380765300040366, 0.02393797999866365, 0.02395654599968111, 0.024074753000604687, 0.02399373300067964, 0.023881765000624, 0.024065289000645862, 0.024443991998850834, 0.023510344999522204, 0.024218802000177675, 0.024138474000210408, 0.02411010499963595, 0.02408923499933735, 0.025025076000019908, 0.023943051000969717, 0.023975698999493034, 0.024064098999588168, 0.023406098000123166, 0.023723352000160958, 0.024100646000078996, 0.023594649999722606, 0.023458030000256258, 0.023507859999881475, 0.023956221999469562, 0.025203730998327956, 0.023626956000953214, 0.023460288999558543, 0.02362223500131222, 0.02347728300082963, 0.023484848001317005, 0.023558330000014394, 0.023867025000072317, 0.023652022999158362, 0.023568565000459785, 0.02358887400077947, 0.023781416000929312, 0.02362844799972663, 0.02373287599948526, 0.023808616999303922, 0.02373614899988752, 0.02484395399915229, 0.023534153999207774, 0.02361129400014761, 0.023558761000458617, 0.02349309100100072, 0.02352031500049634, 0.023509439999543247, 0.023675104001085856, 0.023400824000418652]}, "threshold": 20000}, {"data_type": "Random", "data_size": "small", "rows": 50, "cols": 50000,