{
    "radix_sort": [
        {
            "data_type": "Random",
            "data_size": "small",
            "rows": 10,
            "cols": 100000,
            "threshold": 20000,
            "times": {
                "msd_p_16": [
                    0.0582699450023938,
                    0.05817728300462477,
                    0.057851010002195835,
                    0.056889778992626816,
                    0.057364367006812245,
                    0.057120594996376894,
                    0.058582216006470844,
                    0.06096215400611982,
                    0.058593000008841045,
                    0.06446445599431172
                ]
            }
        },
        {
            "data_type": "Random",
            "data_size": "small",
            "rows": 10,
            "cols": 100000,
            "threshold": 90000,
            "times": {
                "msd_p_16": [
                    0.06692113599274307,
                    0.05692140800238121,
                    0.0572766440018313,
                    0.1800222029996803,
                    0.057735597001737915,
                    0.05759921700519044,
                    0.060117173998150975,
                    0.0606405020080274,
                    0.06034099899989087,
                    0.05991608199838083
                ]
            }
        },
        {
            "data_type": "Random",
            "data_size": "small",
            "rows": 10,
            "cols": 100000,
            "threshold": 40000,
            "times": {
                "msd_p_16": [
                    0.05802538500574883,
                    0.05778899000142701,
                    0.057497422996675596,
                    0.057181916999979876,
                    0.057508220997988246,
                    0.05741560200112872,
                    0.05923476899624802,
                    0.06007171000237577,
                    0.058425630995770916,
                    0.05671801799326204
                ]
            }
        },
        {
            "data_type": "Random",
            "data_size": "small",
            "rows": 10,
            "cols": 100000,
            "threshold": 30000,
            "times": {
                "msd_p_16": [
                    0.05701806300203316,
                    0.058116094005526975,
                    0.056596638009068556,
                    0.058930116007104516,
                    0.057443280005827546,
                    0.057200694995117374,
                    0.05972963900421746,
                    0.058599440002581105,
                    0.05731279301107861,
                    0.06198163599765394
                ]
            }
        },
        {
            "data_type": "Random",
            "data_size": "small",
            "rows": 10,
            "cols": 100000,
            "threshold": 10000,
            "times": {
                "msd_p_16": [
                    0.057614910998381674,
                    0.057340327999554574,
                    0.057317040002089925,
                    0.05646717299532611,
                    0.06122772299568169,
                    0.060055314999772236,
                    0.0596535450022202,
                    0.058750302996486425,
                    0.05821373900107574,
                    0.07918752799741924
                ]
            }
        },
        {
            "data_type": "Random",
            "data_size": "small",
            "rows": 10,
            "cols": 100000,
            "threshold": 70000,
            "times": {
                "msd_p_16": [
                    0.06014298798982054,
                    0.05721166900184471,
                    0.056741640000836924,
                    0.05710796399216633,
                    0.05715205700835213,
                    0.05733908599358983,
                    0.057015525992028415,
                    0.056917738998890854,
                    0.06022965000011027,
                    0.08311871701152995
                ]
            }
        },
        {
            "data_type": "Random",
            "data_size": "small",
            "rows": 10,
            "cols": 100000,
            "threshold": 60000,
            "times": {
                "msd_p_16": [
                    0.059190768995904364,
                    0.06819931899372023,
                    0.057423763995757326,
                    0.057356851000804454,
                    0.05764021701179445,
                    0.05732688399439212,
                    0.0574969540029997,
                    0.06535726100264583,
                    0.059964669999317266,
                    0.05792917399958242
                ]
            }
        },
        {
            "data_type": "Random",
            "data_size": "small",
            "rows": 10,
            "cols": 100000,
            "threshold": 80000,
            "times": {
                "msd_p_16": [
                    0.05764687299961224,
                    0.06932204400072806,
                    0.05702898099843878,
                    0.05751462098851334,
                    0.07647210301365703,
                    0.059315781996701844,
                    0.0688819520000834,
                    0.057343017993844114,
                    0.057278071995824575,
                    0.058740318010677584
                ]
            }
        },
        {
            "data_type": "Random",
            "data_size": "small",
            "rows": 10,
            "cols": 100000,
            "threshold": 100000,
            "times": {
                "msd_p_16": [
                    0.057585816000937484,
                    0.05748544000380207,
                    0.05765008299204055,
                    0.05709606899472419,
                    0.06524071100284345,
                    0.058347598009277135,
                    0.05979715699504595,
                    0.05688913199992385,
                    0.0721594240021659,
                    0.177439320992562
                ]
            }
        },
        {
            "data_type": "Random",
            "data_size": "small",
            "rows": 10,
            "cols": 100000,
            "threshold": 0,
            "times": {
                "msd_p_16": [
                    0.056949653997435234,
                    0.057139854005072266,
                    0.05760358099360019,
                    0.05682461000105832,
                    0.05714864601031877,
                    0.057347015987033956,
                    0.05996526899980381,
                    0.07723168400116265,
                    0.05757204198744148,
                    0.05921353599114809
                ]
            }
        },
        {
            "data_type": "Random",
            "data_size": "small",
            "rows": 10,
            "cols": 100000,
            "threshold": 50000,
            "times": {
                "msd_p_16": [
                    0.1912139639898669,
                    0.05691440700320527,
                    0.05696069699479267,
                    0.05771045100118499,
                    0.057110880996333435,
                    0.057005833004950546,
                    0.05761222299770452,
                    0.06654655899910722,
                    0.059546001997659914,
                    0.08637296700908337
                ]
            }
        }
    ]
}