{"radix_sort": [{"data_type": "Random", "data_size": "small", "rows": 100, "cols": 50000, "times": {"lsd_c_8_isolate_byte_nodisc": [0.0007040549971861765, 0.0007063060002110433, 0.0006276750027609523, 0.0006284400005824864, 0.0006615620004595257, 0.003900373001670232, 0.0006385470005625393, 0.0006657789999735542, 0.0006370760020217858, 0.0006736789982824121, 0.0007080530012899544, 0.0007547789973614272, 0.0006855450010334607, 0.0006305720016825944, 0.0006369709990394767, 0.0006315319988061674, 0.000655110998195596, 0.0006840380010544322, 0.0006589220029127318, 0.0006698879988107365, 0.0006723900005454198, 0.14461164100066526, 0.0006384709995472804, 0.0006394199990609195, 0.000609769002039684, 0.0006032359997334424, 0.0006411449976440053, 0.0006780700023227837, 0.0006645009998464957, 0.0006928759976290166, 0.000654119998216629, 0.000646260999928927, 0.0007127569988369942, 0.0007288669985427987, 0.0006412680013454519, 0.0034821830013243016, 0.0006867499978397973, 0.0007002460006333422, 0.0006423209997592494, 0.0007124399999156594, 0.0007561769998574164, 0.0007470829987141769, 0.0006625610003538895, 0.000641761002043495, 0.0006399830017471686, 0.0007054710004013032, 0.0006620429994654842, 0.0006970430004002992, 0.0006375250013661571, 0.0006429210006899666, 0.0009575410003890283, 0.0006067769973014947, 0.0005865200000698678, 0.0006096570032241289, 0.0006354869983624667, 0.0006253120009205304, 0.0007373590015049558, 0.0006977199991524685, 0.0006632410004385747, 0.000627621997409733, 0.0006537050030601677, 0.000642453996988479, 0.000712882996594999, 0.0006408680019376334, 0.0006767599988961592, 0.0007577429969387595, 0.0007229939983517397, 0.0006968090019654483, 0.0007160499990277458, 0.0007496189973608125, 0.000661664002109319, 0.0006074390003050212, 0.0006523570009449031, 0.0006277710017457139, 0.0009608930013200734, 0.0006367429996316787, 0.0006622639994020574, 0.0007203330023912713, 0.0006714180017297622, 0.0006607699979213066, 0.0007388330013782252, 0.0007075590001477394, 0.000623421001364477, 0.0006447230007324833, 0.0007257300021592528, 0.0007144329974835273, 0.0006865050017950125, 0.0006409319976228289, 0.0006504610028059687, 0.0006837389992142562, 0.0006591839992324822, 0.0006928829971002415, 0.0007730020006420091, 0.0006894780017319135, 0.0006775519977963995, 0.0006834599989815615, 0.0007375019995379262, 0.0009260250008082949, 0.0006166079983813688, 0.0007743330024823081], "lsd_c_10_isolate_byte_nodisc": [0.0008852079990901984, 0.0006404569976439234, 0.0006181230019137729, 0.0008437699980277102, 0.0006153190006443765, 0.0037912990010227077, 0.0007991210004547611, 0.0008866299976943992, 0.0005996580002829432, 0.0008322670000779908, 0.0007608619998791255, 0.0008710450019862037, 0.0008597150008426979, 0.0008182599995052442, 0.0007437399981427006, 0.0006822770010330714, 0.000818082997284364, 0.0008084190012596082, 0.0008156510011758655, 0.000814834998891456, 0.0008380950021091849, 0.0012288580001040827, 0.0007601789984619245, 0.0007743720016151201, 0.0007416189982905053, 0.0008255559987446759, 0.0007544090003648307, 0.0008538100009900518, 0.0006773450004402548, 0.0008653759978187736, 0.0007888330001151189, 0.000598336999246385, 0.0007759660002193414, 0.0007376530011242721, 0.00082425100117689, 0.003336626999953296, 0.0007755890001135413, 0.0006053459983377252, 0.0007258619989443105, 0.0007502430016756989, 0.0006272440004977398, 0.0008940909974626265, 0.000751424999180017, 0.0008687189983902499, 0.0007758559986541513, 0.0006630220013903454, 0.0008539350019418634, 0.0009026570005516987, 0.0008023080008570105, 0.0006184830017446075, 0.0008313950020237826, 0.000659416000416968, 0.000764927997806808, 0.0007761810011288617, 0.0007778079998388421, 0.0008211829990614206, 0.0006976110016694292, 0.0009609730004740413, 0.00084675199832418, 0.0008424249972449616, 0.000648703000479145, 0.0028555950011650566, 0.0007224760011013132, 0.0006691449998470489, 0.0007297909978660755, 0.000834778998978436, 0.0007492109980375972, 0.0009368069986521732, 0.0007647669990547001, 0.0007995320011104923, 0.0007440870031132363, 0.0007801970023137983, 0.0008243119991675485, 0.0009022539998113643, 0.11397383700023056, 0.0007453979997080751, 0.0007034659975033719, 0.0005985349998809397, 0.000833977999718627, 0.0005923509997955989, 0.0008959940023487434, 0.0008091039999271743, 0.000822619997052243, 0.0008797369991953019, 0.0008070229996519629, 0.0006208710001374129, 0.0006576310006494168, 0.000776550001319265, 0.0008130060014082119, 0.0008372309966944158, 0.0008414109979639761, 0.0008581040019635111, 0.0008762299985392019, 0.0006588229989574756, 0.0008859600020514335, 0.0008082929998636246, 0.0008191029992303811, 0.0009113329979300033, 0.0007830770009604748, 0.0007801559986546636]}}]}