{"radix_sort": [{"data_type": "Random", "data_size": "small", "rows": 100, "cols": 50000, "times": {"lsd_c_8_isolate_byte_nodisc": [0.0007251659990288317, 0.0006844810013717506, 0.0006710579982609488, 0.0006950939969101455, 0.0007191010008682497, 0.003947167999285739, 0.0007118989997252356, 0.0008013540027604904, 0.000721494998288108, 0.0006506869976874441, 0.0007316830015042797, 0.0007276840005943086, 0.0007032350004010368, 0.000693620000674855, 0.0007019740005489439, 0.0006206079997355118, 0.0006746110011590645, 0.0007885849990998395, 0.0006770870022592135, 0.0006654229982814286, 0.000667571002850309, 0.15763600699938252, 0.0006081680003262591, 0.000610802999290172, 0.0006831070022599306, 0.000647410997771658, 0.00067440799830365, 0.0007291729998541996, 0.0007221529995149467, 0.0006543119998241309, 0.0006787620004615746, 0.0006448960011766758, 0.0007000000005064066, 0.0007326039994950406, 0.0006620179992751218, 0.0031864150005276315, 0.0006789519975427538, 0.0006205909994605463, 0.0006943389998923521, 0.0006972820010560099, 0.0007485009991796687, 0.0008219959963753354, 0.0007724880015302915, 0.0006810080012655817, 0.000664908999169711, 0.0006472050008596852, 0.0006559430003107991, 0.0007118370012904052, 0.0007714120001764968, 0.0007848560017009731, 0.0006530730024678633, 0.0006785359983041417, 0.0006499549999716692, 0.0007352729990088847, 0.0006142319980426691, 0.0007089039972925093, 0.0006941460014786571, 0.0006706730018777307, 0.0007237449972308241, 0.0006243040006665979, 0.0006508050028060097, 0.0007153909973567352, 0.000696897001034813, 0.0006504010016215034, 0.0006607210016227327, 0.0007131210004445165, 0.0007318589996430092, 0.0007231720010167919, 0.0007391299986920785, 0.0006974870011617895, 0.0006771939988539089, 0.0006682349994662218, 0.0007232040006783791, 0.0007275349998963065, 0.0006834729974798393, 0.0006311729994195048, 0.0006193160006660037, 0.0006213890010258183, 0.0005965060008747969, 0.000757601999794133, 0.0006504519988084212, 0.0007602160003443714, 0.0006600939996133093, 0.000683825997839449, 0.0006310520002443809, 0.0006724480008415412, 0.000708946001395816, 0.0006894319994898979, 0.0006881139997858554, 0.0006062030006432906, 0.0007446050003636628, 0.0007026909988780972, 0.0006830970014561899, 0.0007196030019258615, 0.000705135000316659, 0.0006895719998283312, 0.0006647619993600529, 0.0006540300018968992, 0.0006386029999703169, 0.0009594209986971691], "lsd_c_10_isolate_byte_nodisc": [0.000732362997950986, 0.0007948050006234553, 0.0007517609992646612, 0.0006112150003900751, 0.0008406460001424421, 0.0035837389987136703, 0.0006878339991089888, 0.0008193020003091078, 0.0008819689974188805, 0.0007630789987160824, 0.0007951810002850834, 0.000859906998812221, 0.0007562699975096621, 0.0006768229977751616, 0.0008108949987217784, 0.0008001069982128683, 0.0008569079982407857, 0.0007068459999572951, 0.0007692079998378176, 0.000836188999528531, 0.0006816910026827827, 0.0011124800003017299, 0.0008169829998223577, 0.0008111940005619545, 0.0008083100001385901, 0.000812971997220302, 0.0008143170016410295, 0.0006855719984741881, 0.0009184080008708406, 0.0008397300007345621, 0.0007472449979104567, 0.0008203010002034716, 0.0007921059986983892, 0.0007929290004540235, 0.0007763880021229852, 0.0033192990013048984, 0.0008199309995688964, 0.000698271000146633, 0.0007210250005300622, 0.000838660002045799, 0.0007723819981038105, 0.000716836002538912, 0.0007418629975290969, 0.0008308830001624301, 0.0007632999986526556, 0.0008314959995914251, 0.000805301999207586, 0.0007059019990265369, 0.0007253410003613681, 0.0007627979975950439, 0.0006842830007371958, 0.0008590329998696689, 0.0010210779983026441, 0.0008806799996818881, 0.0007562200007669162, 0.0008201079981517978, 0.0009194529993692413, 0.000867643000674434, 0.0008285080002679024, 0.0008437030010099988, 0.0007791770003677811, 0.0030862950006849132, 0.0006107389999669977, 0.0008455860006506555, 0.0008126880020427052, 0.0008010480014490895, 0.0008232270010921638, 0.0006963349987927359, 0.0007311560002563056, 0.0007131590027711354, 0.0006460259974119253, 0.0008565759999328293, 0.0007045950005704071, 0.00090741899839486, 0.10723797600076068, 0.0007176790022640489, 0.0008402980020036921, 0.0007898850017227232, 0.0006558819986821618, 0.0006143829996290151, 0.0009836699973675422, 0.0008744340011617169, 0.0006201409996720031, 0.0007814790005795658, 0.000815179999335669, 0.0007973960018716753, 0.0007950880026328377, 0.0006284080009208992, 0.0008449359993392136, 0.0008131760005198885, 0.0007713159975537565, 0.0008349200033990201, 0.0008863109978847206, 0.0007519750033679884, 0.0006365860026562586, 0.0008471379987895489, 0.0006922380016476382, 0.0008263079980679322, 0.0008081039995886385, 0.0006715849995089229]}}]}