{"radix_sort": [{"data_type": "Random", "data_size": "small", "rows": 100, "cols": 50000, "times": {"lsd_c_8_isolate_byte_nodisc": [0.0006817549983679783, 0.0006388780020643026, 0.0006839119996584486, 0.000645768999675056, 0.0006673230018350296, 0.0031898050001473166, 0.0006591230012418237, 0.0007727420015726238, 0.0006588459982594941, 0.0006670140028290916, 0.0006457179988501593, 0.0008076980011537671, 0.0006732290021318477, 0.0006450759974541143, 0.0006502479991468135, 0.0006653499985986855, 0.0007125800002540927, 0.0007388319972960744, 0.0007014490001893137, 0.0006301670000539161, 0.0006587770003534388, 0.0011069249994761776, 0.0006646530018770136, 0.0006234579996089451, 0.0007003370010352228, 0.0006406960019376129, 0.0006842470029368997, 0.0007352060019911733, 0.0006785350014979485, 0.00063154300005408, 0.0006475439986388665, 0.0006534540007123724, 0.0007301260011445265, 0.0007647530001122504, 0.000670133998937672, 0.0033788100008678157, 0.0006860229987069033, 0.0006981309998081997, 0.0007100660004653037, 0.0007024670012469869, 0.0007098389978636988, 0.0008673579977767076, 0.0006591659985133447, 0.0006162099998618942, 0.0006793250031478237, 0.0006443050006055273, 0.0006901179986016359, 0.0007224459986900911, 0.0007249209993460681, 0.0006504800003312994, 0.0006215760004124604, 0.0006361499981721863, 0.0006520889983221423, 0.0006729559972882271, 0.000697701998433331, 0.0006494049994216766, 0.0006993339993641712, 0.000649385001452174, 0.0006295429993770085, 0.0006163030011521187, 0.0006750940010533668, 0.002580251999461325, 0.0007108229983714409, 0.000642407001578249, 0.0007364900011452846, 0.0006755970025551505, 0.000691099001414841, 0.000769689999287948, 0.0006560790025105234, 0.0006179250012792181, 0.0006457420022343285, 0.0006640890023845714, 0.0006902409986651037, 0.0007646379999641795, 0.10635337300118408, 0.0006150190019980073, 0.0006269689984037541, 0.0006745110003976151, 0.0006450630025938153, 0.0006806300007156096, 0.0007773969991831109, 0.0006575579973286949, 0.0006778480019420385, 0.0007460790002369322, 0.000609997001447482, 0.000768581001466373, 0.00066010400041705, 0.0006845919997431338, 0.000710014999640407, 0.0005984249983157497, 0.0007424480027111713, 0.0007449430013366509, 0.0006859330023871735, 0.0006915250014571939, 0.0006523760021082126, 0.0006176940005389042, 0.0006430510002246592, 0.0008385600012843497, 0.0006162659992696717, 0.0006490550003945827], "lsd_c_10_isolate_byte_nodisc": [0.0007331529996008612, 0.0007514719982282259, 0.0008240569986810442, 0.0008572320002713241, 0.0006157479983812664, 0.0007481159991584718, 0.0008809530008875299, 0.0007365300007222686, 0.000806863001344027, 0.0008311819983646274, 0.0008247780024248641, 0.0009096000030694995, 0.0008381650004594121, 0.0006621050015382934, 0.000808159002190223, 0.0007936439978948329, 0.0007222120002552401, 0.0008745080012886319, 0.0007629610008734744, 0.0008066000009421259, 0.001477646001148969, 0.0008434179981122725, 0.0008928750030463561, 0.0009606229978089686, 0.0010058010011562146, 0.000969150998571422, 0.0009240239996870514, 0.0007914179986983072, 0.0008113570002024062, 0.0008377730009669904, 0.0008307940006488934, 0.0007791930001985747, 0.0008278390014311299, 0.0008037660008994862, 0.0008552119979867712, 0.0008836020024318714, 0.0007129869991331361, 0.0008275260006485041, 0.0008805210018181242, 0.0008245349999924656, 0.0007552429997303989, 0.00078128499808372, 0.0008455749994027428, 0.0007784090012137312, 0.0006302089968812652, 0.000849726999149425, 0.0007189959978859406, 0.0006764070021745283, 0.001178597998659825, 0.0007470100026694126, 0.0008002120011951774, 0.000792335002188338, 0.000683095000567846, 0.000625978998868959, 0.0008061539992922917, 0.000846864000777714, 0.0007697099972574506, 0.000828176001959946, 0.0006452669986174442, 0.000746580000850372, 0.0008330880009452812, 0.0008266810000350233, 0.0005797199992230162, 0.0006097419973229989, 0.0007970780025061686, 0.0008166379993781447, 0.0007578920012747403, 0.0008829460020933766, 0.0006243499992706347, 0.0006906910020916257, 0.0006737679977959488, 0.0008864340015861671, 0.0010392469994258136, 0.0008009069970285054, 0.0009778240018931683, 0.0010335940023651347, 0.0010044350019597914, 0.0009905509978125338, 0.0008182089986803476, 0.0008983369989437051, 0.0007749169999442529, 0.0007679459995415527, 0.0006539850000990555, 0.0006648390008194838, 0.0007728800010227133, 0.0008401090017287061, 0.0008001419992069714, 0.0008036809995246585, 0.0007064519995765295, 0.0008087599999271333, 0.0008347149996552616, 0.0007917010007076897, 0.0007788240000081714, 0.0007824669992260169, 0.0007526860026700888, 0.0009288949986512307, 0.0007097309971868526, 0.00122389000171097, 0.0009066210004675668, 0.0008875200001057237]}}]}