{"radix_sort": [{"data_type": "Random", "data_size": "small", "rows": 100, "cols": 50000, "times": {"lsd_c_8_isolate_byte_nodisc": [0.0008115749988064636, 0.0006543090021295939, 0.0006582709975191392, 0.000673755999741843, 0.0006220190007297788, 0.0033387069997843355, 0.0006405169988283888, 0.000757792000513291, 0.0006587749994650949, 0.0006510929997602943, 0.0007644520010217093, 0.0007439559994963929, 0.00068271499912953, 0.0006788889986637514, 0.0007318470015889034, 0.0006441069999709725, 0.0006516590001410805, 0.000747343001421541, 0.0008258870002464391, 0.00070299800063367, 0.0006498200018540956, 0.15308812000148464, 0.0006316360013443045, 0.0006781820011383388, 0.000620987997535849, 0.0006206359976204112, 0.0007817199984856416, 0.0007435810002789367, 0.0006451830013247672, 0.0007207079979707487, 0.0006240330003493, 0.0006278889995883219, 0.0006923740002093837, 0.0006965039974602405, 0.0006813630025135353, 0.0033785199993872084, 0.0007631539992871694, 0.0006565099974977784, 0.0006667749985354021, 0.0007349389998125844, 0.0006892990022606682, 0.0007327060011448339, 0.0006911550008226186, 0.0006974050011194777, 0.0006352470009005629, 0.0006324770001810975, 0.0006998509998084046, 0.0007058429982862435, 0.0007240960003400687, 0.000689239997882396, 0.0006632360018556938, 0.0006022729976393748, 0.0006130239999038167, 0.0006182409997563809, 0.0006153110007289797, 0.0006607140021515079, 0.002713317000598181, 0.0009324060010840185, 0.000652588001685217, 0.0006173069996293634, 0.0007116919987311121, 0.0006503159966086969, 0.0006630509997194167, 0.0007250910020957235, 0.0006296960018516984, 0.0006401250029739458, 0.0006526899996970315, 0.0006521930008602794, 0.0009106830002565403, 0.0007223819993669167, 0.0007158240005082916, 0.0007840379985282198, 0.0006153610011097044, 0.0006578800021088682, 0.0007079999995767139, 0.0006193199988047127, 0.0006067089998396114, 0.000635169999441132, 0.0006400650017894804, 0.0006417769982363097, 0.0006344549983623438, 0.0006646219990216196, 0.0007050120002531912, 0.0006289200027822517, 0.0006302789988694713, 0.0006820130001869984, 0.0006992019989411347, 0.0006520720016851556, 0.0006372480020218063, 0.0006695039992337115, 0.0006532119987241458, 0.0006501710013253614, 0.0006399820013029967, 0.0007130739977583289, 0.0006442140002036467, 0.0007056560025375802, 0.0006539519999932963, 0.0007102959971234668, 0.0006613199984712992, 0.0008854669977154117], "lsd_c_10_isolate_byte_nodisc": [0.0009477019993937574, 0.0008667420006531756, 0.0008313600010296796, 0.0007878129981691018, 0.000597261001530569, 0.00372658199921716, 0.0006964919994061347, 0.0008119539998006076, 0.0008072130003711209, 0.0008128629997372627, 0.0008147420012392104, 0.0009416020002390724, 0.0007964889991853852, 0.0007641820011485834, 0.0007033250003587455, 0.0008187680032278877, 0.0008049579992075451, 0.0007844200008548796, 0.0006681390004814602, 0.0006786939993617125, 0.0008582860027672723, 0.0013008530004299246, 0.0007466580027539749, 0.0005881440010853112, 0.0007868770007917192, 0.0006122099985077512, 0.0007273179980984423, 0.0009001819998957217, 0.0006911999989824835, 0.0008365030007553287, 0.0006392970026354305, 0.0007049779997032601, 0.0008388660025957506, 0.0008769949999987148, 0.0007399030000669882, 0.0009293839975725859, 0.0008346140020876192, 0.0007811720024619717, 0.0007613289999426343, 0.0007141530004446395, 0.0007600600001751445, 0.0007489219970011618, 0.0008616759987489786, 0.0008060029977059457, 0.0007166209979914129, 0.0006516930006910115, 0.0007816830002411734, 0.0005976720021863002, 0.0007615379981871229, 0.0006503510012407787, 0.0007798779988661408, 0.0006123150014900602, 0.000687332998495549, 0.0007667940008104779, 0.000772015999245923, 0.0007271720023709349, 0.0008073179997154512, 0.0006658810016233474, 0.0007090229992172681, 0.0008269530007964931, 0.0022951359969738405, 0.0005835459996887948, 0.0008465440005238634, 0.0006709660010528751, 0.000853729998198105, 0.0008255239990830887, 0.000734950001060497, 0.0007972799976414535, 0.0007388939993688837, 0.0005834580006194301, 0.000803853999968851, 0.0007814450000296347, 0.0007178970008681063, 0.0011530739975569304, 0.0007192119992396329, 0.0006829580015619285, 0.0007923049997771159, 0.000874162000400247, 0.0008749109983909875, 0.0009114470012718812, 0.000776173998019658, 0.0008707630004209932, 0.0007910499989520758, 0.0006810509985371027, 0.0008134540003084112, 0.0008797119990049396, 0.0007767389979562722, 0.0009276290002162568, 0.0008140569989336655, 0.0007874450020608492, 0.000823180002043955, 0.0006981059996178374, 0.0006905059999553487, 0.0007466739989467897, 0.0007885869999881834, 0.0007769939984427765, 0.0007112839994078968, 0.0007697500004724134, 0.0006753190027666278, 0.0007711219986958895]}}]}