{"radix_sort": [{"data_type": "Random", "data_size": "small", "rows": 100, "cols": 50000, "times": {"lsd_c_8_isolate_byte_nodisc": [0.0008280399997602217, 0.0007921340002212673, 0.0008129879970510956, 0.0007440660010615829, 0.000731866999558406, 0.0038000300010025967, 0.000765642002079403, 0.000623610001639463, 0.000656674998026574, 0.0006552839986397885, 0.0006701890015392564, 0.0007569059998786543, 0.0007143949987948872, 0.0008035370010475162, 0.0006675589975202456, 0.0006530469981953502, 0.0006389599984686356, 0.0007230629998957738, 0.0006919419975019991, 0.0006471630003943574, 0.0006278399996517692, 0.0011211599994567223, 0.0006603260007977951, 0.0007010420013102703, 0.0006341550033539534, 0.000852316999953473, 0.0006313379999483004, 0.0006275759988056961, 0.0006508830010716338, 0.0006489900006272364, 0.0005918379974900745, 0.0005972159997327253, 0.000624379998043878, 0.0006082920008338988, 0.0006107180015533231, 0.003765469002246391, 0.0006092529984016437, 0.000663689999782946, 0.0006035269980202429, 0.0006227449994185008, 0.0006958129997656215, 0.000645082000119146, 0.0006004370006849058, 0.0006410540008801036, 0.0006255650005186908, 0.0006733100017299876, 0.0005911919979553204, 0.0006711919995723292, 0.0006482390017481521, 0.0006226339974091388, 0.0006495849993370939, 0.000628420999419177, 0.0006489070001407526, 0.0006444970022130292, 0.0005932130006840453, 0.0005933820029895287, 0.000608211998041952, 0.0006008620002830867, 0.0006978459969104733, 0.0006208080012584105, 0.0006195639980433043, 0.0020922759977111127, 0.0006697099997836631, 0.0006236039989744313, 0.0006565029980265535, 0.0006160869997984264, 0.0006415639982151333, 0.0006175369999255054, 0.0006080659986764658, 0.0005871030007256195, 0.0006951750001462642, 0.000608515998465009, 0.0006328370000119321, 0.0006149959990580101, 0.10608027200214565, 0.0006274459992710035, 0.0006114889984019101, 0.0006173309993755538, 0.0006483670003945008, 0.0006246530028874986, 0.0006310389981081244, 0.0006600999986403622, 0.000634102998446906, 0.0006229360005818307, 0.0006360760016832501, 0.0005970579986751545, 0.000605840003117919, 0.0006216209985723253, 0.0006470959997386672, 0.0006255770022107754, 0.0006295279999903869, 0.0006329039970296435, 0.0006062280008336529, 0.0006041080014256295, 0.000726112997654127, 0.0006314450001809746, 0.0006053140023141168, 0.0006269900004554074, 0.0006012109988660086, 0.0005879809978068806], "lsd_c_10_isolate_byte_nodisc": [0.0008429749977949541, 0.0007228290014609229, 0.0008161939986166544, 0.0008053720011957921, 0.000780328999098856, 0.0006117409975558985, 0.0007471409990102984, 0.0007317239978874568, 0.0008041090004553553, 0.0007279460005520377, 0.0006543669987877365, 0.0008469749991490971, 0.0008329730007972103, 0.0008070219992077909, 0.0005903009987378027, 0.0008134199997584801, 0.0006707979991915636, 0.0007476979990315158, 0.0008310330013046041, 0.0006579829969268758, 0.0011780809982155915, 0.0007355900015681982, 0.0007354270019277465, 0.0007974250002007466, 0.0007784040026308503, 0.0008447010004601907, 0.0007950879989948589, 0.0008302520000142977, 0.0008165169965650421, 0.0007849219982745126, 0.0007249989976116922, 0.0006136009978945367, 0.0008936550002545118, 0.0007807019974279683, 0.0006312229998002294, 0.0006128150016593281, 0.0009216319995175581, 0.0007710240024607629, 0.0007641529991815332, 0.000754396001866553, 0.0008742659993004054, 0.0007227589994727168, 0.0008144739986164495, 0.0008082079984887969, 0.0007380289971479215, 0.000789629000792047, 0.0008611600023868959, 0.000624985001195455, 0.0010408130001451354, 0.0007009910004853737, 0.0006922780012246221, 0.0007820760001777671, 0.0005919610011915211, 0.0005970439997327048, 0.0008601699992141221, 0.0008752579997235443, 0.0007861249978304841, 0.0008112639989121817, 0.0008091950003290549, 0.0007032350004010368, 0.0008631040000182111, 0.0007992689970706124, 0.0008444449995295145, 0.0006116100012150127, 0.0008116549979604315, 0.0008015739986149129, 0.0006914259975019377, 0.00088518499978818, 0.0007453719990735408, 0.0008184899998013861, 0.0007596969990117941, 0.0008398930003750138, 0.0011452560029283632, 0.0006318720006674994, 0.0006785039986425545, 0.0007877440002630465, 0.0006928549992153421, 0.0006881539993628394, 0.0009788489987840876, 0.0006360269981087185, 0.0008434180017502513, 0.0007736980005574878, 0.0006697009994240943, 0.0008710149995749816, 0.0008001290007086936, 0.0008244130003731698, 0.0008815330002107657, 0.0008056949991441797, 0.0007826820001355372, 0.0008013970000320114, 0.0008963770014815964, 0.0008604050017311238, 0.0007270679998327978, 0.0007481859975086991, 0.0008635140002297703, 0.000925790001929272, 0.0010306559997843578, 0.0009908499996527098, 0.000976202998572262, 0.001000825002847705]}}]}