{"radix_sort": [{"data_type": "Random", "data_size": "tiny", "rows": 10, "cols": 100000, "times": {"lsd_c_6_isolate_byte_nodisc": [0.0011788929987233132, 0.09677297899906989, 0.001176473990199156, 0.0010859700123546645, 0.001352528008283116, 0.0013846799993189052, 0.0014349410048453137, 0.001103275004425086, 0.001329088001511991, 0.0011752709979191422, 0.0014268210070440546, 0.0012702270032605156, 0.0013653119967784733, 0.0013746799959335476, 0.0011285179934930056, 0.0019119959906674922, 0.0011186569900019094, 0.0013000600010855123, 0.0013426649966277182, 0.0012986380024813116], "lsd_c_8_isolate_byte_nodisc": [0.0013246029993752018, 0.0681522130034864, 0.0013053400034550577, 0.0012587119999807328, 0.001575092988787219, 0.0012027019984088838, 0.0014005630073370412, 0.001322057010838762, 0.0015749090089229867, 0.0013832120021106675, 0.001582401993800886, 0.0013033730065217242, 0.0014750100090168417, 0.0011489290045574307, 0.0013897699973313138, 0.0012884409952675924, 0.001415983002516441, 0.0013715390086872503, 0.0013633060007123277, 0.0015246170078171417], "lsd_c_10_isolate_byte_nodisc": [0.001026457000989467, 0.07029167300788686, 0.0009702660026960075, 0.0009464160102652386, 0.0011568089976208284, 0.001078785993740894, 0.0011776829924201593, 0.0009566270018694922, 0.0010888929973589256, 0.000969611995969899, 0.0010736410040408373, 0.0009401390125276521, 0.0009048549982253462, 0.00100403800024651, 0.0009561769984429702, 0.0012355709914118052, 0.0009702240058686584, 0.000934954994590953, 0.0009941199969034642, 0.0010267769976053387], "lsd_c_12_isolate_byte_nodisc": [0.0015961409953888506, 0.07493619399610907, 0.0010770499939098954, 0.0011118690017610788, 0.0012069090007571504, 0.001243505990714766, 0.001401538000209257, 0.0010401480103610083, 0.0012232500012032688, 0.0011618270073086023, 0.0016374100086977705, 0.001458065991755575, 0.0014644299953943118, 0.001740400999551639, 0.001501785998698324, 0.0015770930040162057, 0.0014785270032007247, 0.0015367450105259195, 0.0014490280009340495, 0.0015517279971390963], "lsd_c_14_isolate_byte_nodisc": [0.0015854530065553263, 0.047452607002924196, 0.002243034992716275, 0.00187215898768045, 0.0018349649908486754, 0.0019233380007790402, 0.0023373129952233285, 0.0019456209993222728, 0.0021288600109983236, 0.0025779010029509664, 0.002290488002472557, 0.0024649459955981, 0.0020174689998384565, 0.0016865990037331358, 0.002143652003724128, 0.0016484280058648437, 0.002210597987868823, 0.002220162990852259, 0.0016415430000051856, 0.0022578339994652197], "lsd_c_16_isolate_byte_nodisc": [0.002538285989430733, 0.0019405079947318882, 0.0016230600012931973, 0.0018210519920103252, 0.00197495699103456, 0.0018839830008801073, 0.0016748920024838299, 0.002157905008061789, 0.001518546006991528, 0.002126562991179526, 0.0014853989996481687, 0.0018837520037777722, 0.0020279150048736483, 0.0017557609971845523, 0.0015264629910234362, 0.0016929069970501587, 0.0024124010087689385, 0.0016197770019061863, 0.0016635879874229431, 0.00150272500468418], "lsd_p_6_isolate_byte_nodisc": [0.007686279001063667, 0.03365964900876861, 0.011750916004530154, 0.008496164009557106, 0.008213677996536717, 0.05166360099974554, 0.010520969997742213, 0.011266642992268316, 0.0038871739961905405, 0.008290634999866597, 0.006473130997619592, 0.009678104004706256, 0.007588722990476526, 0.009361865013488568, 0.0069752910058014095, 0.00658305300748907, 0.010734440002124757, 0.009970322993467562, 0.009207968003465794, 0.009138725989032537], "lsd_p_8_isolate_byte_nodisc": [0.007428615994285792, 0.02458991200546734, 0.011928902997169644, 0.0076303630048641935, 0.007362112999544479, 0.010885876006796025, 0.0544700619939249, 0.007349450999754481, 0.007988408004166558, 0.01166530599584803, 0.00828510700375773, 0.010202279008808546, 0.003089436999289319, 0.011066263992688619, 0.010224555997410789, 0.007621815995662473, 0.009431924991076812, 0.01091382598679047, 0.007537924000644125, 0.010232714004814625], "lsd_p_10_isolate_byte_nodisc": [0.007540845006587915, 0.02441754400206264, 0.011960090007050894, 0.007246259992825799, 0.007202952998341061, 0.003183699998771772, 0.002827242002240382, 0.010583529001451097, 0.009229547998984344, 0.00638388900551945, 0.008241495001129806, 0.0033271040010731667, 0.010086932990816422, 0.008289439996588044, 0.00695663299120497, 0.008463435995508917, 0.003161767002893612, 0.010513555011129938, 0.008983449995866977, 0.006676602002698928], "lsd_p_12_isolate_byte_nodisc": [0.007430824000039138, 0.023675778007600456, 0.013118465998559259, 0.008267823010100983, 0.009325475009973161, 0.0030952499946579337, 0.003075408996664919, 0.011660168995149434, 0.009469333992456086, 0.006068803006201051, 0.0089759039983619, 0.0034450810053385794, 0.011772875994211063, 0.010202192002907395, 0.007042974000796676, 0.007802009989973158, 0.0030273790034698322, 0.011106299993116409, 0.009884184997645207, 0.005550246001803316]}}]}