{"radix_sort": [{"data_type": "Random", "data_size": "small", "rows": 100, "cols": 50000, "times": {"lsd_c_8_isolate_byte_nodisc": [0.0007136109998100437, 0.0006804320000810549, 0.0006528490011987742, 0.0006593949983653147, 0.0006406399988918565, 0.0032851370015123393, 0.0007580189994769171, 0.0006931669995537959, 0.0006340570034808479, 0.000654084997222526, 0.0006880619985167868, 0.0007774090008751955, 0.0006506319987238385, 0.0006351889969664626, 0.0007025040031294338, 0.000634406998869963, 0.0007171709985414054, 0.0007044339981803205, 0.000720501000614604, 0.0007056859976728447, 0.0006452160014305264, 0.0011364679994585458, 0.000623800002358621, 0.00063867599965306, 0.0005898870003875345, 0.0006425470019166823, 0.0006217289992491715, 0.0007599980017403141, 0.0006804180011386052, 0.0006498549992102198, 0.0006251829981920309, 0.0007014559996605385, 0.0006157480020192452, 0.0007259480007633101, 0.0006776080008421559, 0.000668984001094941, 0.0008127979999699164, 0.0006303219997789711, 0.0006126080006652046, 0.0006832649996795226, 0.000665291998302564, 0.0007159439992392436, 0.0006553239982167725, 0.000637488003121689, 0.000712682001903886, 0.0006389070003933739, 0.0006760940013919026, 0.0006974539974180516, 0.000667309999698773, 0.0006734420021530241, 0.0006920890009496361, 0.0007601590004924219, 0.0007042200013529509, 0.0006582900023204274, 0.0006432199988921639, 0.000662430000375025, 0.0006886729970574379, 0.0006445630024245474, 0.0006738999982189853, 0.000645192001684336, 0.0006193430017447099, 0.0029709189984714612, 0.0006199269992066547, 0.0007109590005711652, 0.0006181440003274474, 0.0006040520020178519, 0.0006995220028329641, 0.0007320149998122361, 0.0007079259994497988, 0.000713296998583246, 0.0007403510026051663, 0.0006825489981565624, 0.0006751199980499223, 0.0007093980020727031, 0.11254847399686696, 0.0006756420007150155, 0.0006581179986824282, 0.0006789299986849073, 0.0006182090000947937, 0.0007082500014803372, 0.0008018689986784011, 0.0007002930033195298, 0.0006589859985979274, 0.0006349639988911804, 0.0006718339973303955, 0.0006931729985808488, 0.0006966500004637055, 0.0007386230026895646, 0.00063821799994912, 0.0006279549997998402, 0.0006376880010066088, 0.0006996129995968658, 0.0006967850022192579, 0.0006846719988971017, 0.0007366440004261676, 0.0006643179985985626, 0.0006462089986598585, 0.0007427949967677705, 0.0006384570006048307, 0.0006174070003908128], "lsd_c_10_isolate_byte_nodisc": [0.0007862120000936557, 0.0007194429999799468, 0.0006676530028926209, 0.0006761190015822649, 0.0007369939994532615, 0.0008507189995725639, 0.0008476959992549382, 0.0007611130022269208, 0.000848424002469983, 0.000810032997833332, 0.0007392129991785623, 0.0006072810028854292, 0.0007889510015957057, 0.0008342280016222503, 0.0008138160010275897, 0.0007718470005784184, 0.0008620010012236889, 0.0007668890029890463, 0.0007122679999156389, 0.0007903580008132849, 0.001330924998910632, 0.0005960210000921506, 0.0009386659985466395, 0.0008034999991650693, 0.0008400770020671189, 0.0008436690004600678, 0.0009102119984163437, 0.0007753560021228623, 0.0007321650009544101, 0.0007599379969178699, 0.0008741140009078663, 0.000833137000881834, 0.0008799559982435312, 0.0008875920029822737, 0.0007549029978690669, 0.0006153969989100005, 0.000666774001729209, 0.0008464210004603956, 0.0008937510028772522, 0.0007637890012119897, 0.0009006809996208176, 0.0008583849994465709, 0.0007514469980378635, 0.0007651980013179127, 0.0006912290009495337, 0.0009555100004945416, 0.0008047410010476597, 0.0010948080016532913, 0.0007937750015116762, 0.0007826069995644502, 0.000683817001117859, 0.0008605849980085623, 0.0007668100006412715, 0.0007985980009834748, 0.0006673540010524448, 0.0008558400004403666, 0.0005895850008528214, 0.0008031159995880444, 0.0005979499983368441, 0.0007603539997944608, 0.0006088760019338224, 0.0007886079984018579, 0.0007467880022886675, 0.0006287670003075618, 0.0008636870006739628, 0.0010387289985374082, 0.0008702310005901381, 0.0008113660005619749, 0.0006447599989769515, 0.0007237889985844959, 0.0009041400007845368, 0.001022411001031287, 0.0007806670000718441, 0.0008270830003311858, 0.000584643999900436, 0.0006881759982206859, 0.0007864380022510886, 0.0007747050003672484, 0.0008983959996839985, 0.0008590969991928432, 0.0007628909988852683, 0.0008145909996528644, 0.0008884089984348975, 0.000796153999544913, 0.000710664000507677, 0.0008317989995703101, 0.0007779170009598602, 0.0011982420001004357, 0.0009229919996869285, 0.0008525930024916306, 0.0008190560001821723, 0.000797409000369953, 0.0007742579982732423, 0.0006133659990155138, 0.0009431190010218415, 0.0007980240006872918, 0.0007653510001546238, 0.0007994520019565243, 0.0007763860012346413, 0.000803094997536391]}}]}