{"radix_sort": [{"data_type": "Random", "data_size": "small", "rows": 100, "cols": 50000, "times": {"lsd_c_8_isolate_byte_nodisc": [0.000641914000880206, 0.0006265579977480229, 0.0006242979980015662, 0.0005735769991588313, 0.0005875560018466786, 0.003160058997309534, 0.0006394929987436626, 0.0006474270012404304, 0.0005915959991398267, 0.0006053399993106723, 0.0006474889996752609, 0.00056859499818529, 0.000616525998339057, 0.0005920629992033355, 0.0006204370001796633, 0.0005548000008275267, 0.0005406499985838309, 0.0005521630009752698, 0.0005794320022687316, 0.0005767379989265464, 0.0005540720012504607, 0.13529458800257999, 0.0005668199992214795, 0.0005328699990059249, 0.0005331380016286857, 0.000552045999938855, 0.000591310003073886, 0.0005554039998969529, 0.0005929699982516468, 0.0005568019987549633, 0.0005523799991351552, 0.0005813390016555786, 0.000613128999248147, 0.0005600949989457149, 0.0005957989997114055, 0.0028613930007850286, 0.0005745119997300208, 0.000582053999096388, 0.000570459000300616, 0.0006137249984021764, 0.000579460000153631, 0.0006096110009821132, 0.0005586610022874083, 0.0005635529996652622, 0.0005740160013374407, 0.0005594229987764265, 0.0005986479991406668, 0.0005636989990307484, 0.0005531610004254617, 0.0005681319998984691, 0.0008831449995341245, 0.0005478550010593608, 0.0005564079983741976, 0.0005549580018850975, 0.0005602090022875927, 0.0005849049994139932, 0.0005711200028599706, 0.0005650490020343568, 0.0005601330012723338, 0.0005832099996041507, 0.0005712370002584066, 0.0005594489994109608, 0.0005492540003615431, 0.0005805090004287194, 0.0005610299995169044, 0.0006251710001379251, 0.0005617339993477799, 0.0005919210016145371, 0.0005903700002818368, 0.0006813670006522443, 0.0005578110030910466, 0.0005775700010417495, 0.0005893779998586979, 0.0005829410001751967, 0.0008962330030044541, 0.0005626950005535036, 0.0005733839971071575, 0.0005965599993942305, 0.0005628520011669025, 0.0005863730002602097, 0.0005784259992651641, 0.0005673539999406785, 0.0005550689966185018, 0.0005461660002765711, 0.0005958310030109715, 0.0005511189992830623, 0.0006785629993828479, 0.0005763030021626037, 0.0005983639966871124, 0.0006461150005634408, 0.0005687520024366677, 0.0005736330022045877, 0.0005561649995797779, 0.0005557650001719594, 0.000582618002226809, 0.0005648930018651299, 0.0005485809997480828, 0.0008038050000322983, 0.0005741309978475329, 0.0005498750033439137], "lsd_c_10_isolate_byte_nodisc": [0.001034537999657914, 0.0009093430016946513, 0.000847092000185512, 0.0008095439989119768, 0.0007029849984974135, 0.0033947980009543244, 0.0006733500013069715, 0.0008481189979647752, 0.0007718279994151089, 0.0008234099987021182, 0.000674284001433989, 0.0008424890002061147, 0.0008691399998497218, 0.0006247040000744164, 0.0008002300019143149, 0.0007390920000034384, 0.0008367749978788197, 0.0007944000026327558, 0.0006453540008806158, 0.0007060019997879863, 0.0006697739991068374, 0.0011447010001575109, 0.000695447000907734, 0.0007346009988395963, 0.0005681689981429372, 0.0007059819981805049, 0.0007753270001558121, 0.0008141709986375645, 0.0007663819997105747, 0.0007490089992643334, 0.0007217800011858344, 0.0005855829986103345, 0.0007472429970221128, 0.00086955399819999, 0.0006249590005609207, 0.0007493789998989087, 0.0006755329995939974, 0.0007768040013615973, 0.0006032240016793367, 0.0007692930012126453, 0.000795158000983065, 0.0008550140009901952, 0.0007673740001337137, 0.0007580849996884353, 0.0007300090001081116, 0.0005648020014632493, 0.0007163119989854749, 0.0007954089996928815, 0.000775791999330977, 0.0006986250009504147, 0.0007986259988683742, 0.0007309620013984386, 0.0006984530009503942, 0.000573129000258632, 0.0007925070021883585, 0.0008322499998030253, 0.0007228319991554599, 0.000667996999254683, 0.000562719000299694, 0.0007476160026271828, 0.002189349997934187, 0.0007349750012508593, 0.0007175840000854805, 0.0007541030026914086, 0.0006841079994046595, 0.0007943319978949148, 0.0008448419976048172, 0.0007697089968132786, 0.0007526199988205917, 0.0007488570008717943, 0.0006081789979361929, 0.0007339830008277204, 0.0008016450010472909, 0.0010117470010300167, 0.0005925929981458467, 0.0007392159968730994, 0.0007118499997886829, 0.0007253730000229552, 0.0006050539996067528, 0.0006743220001226291, 0.0006603080000786576, 0.0007766220005578361, 0.0006635569989157375, 0.0005958040019322652, 0.0008290760015370324, 0.0006513890002679545, 0.000714742000127444, 0.0006489590014098212, 0.0006355769983201753, 0.0007022510035312735, 0.0007611809996888041, 0.0007886580024205614, 0.0007833859999664128, 0.0007555069969384931, 0.0006860430003143847, 0.0007350839987338986, 0.0006501540010503959, 0.0007308210006158333, 0.0007373609987553209, 0.0007129730001906864]}}]}