{"radix_sort": [{"data_type": "Random", "data_size": "small", "rows": 100, "cols": 50000, "times": {"lsd_c_8_isolate_byte_nodisc": [0.0007067520018608775, 0.0006609629999729805, 0.0006353309981932398, 0.0006434130009438377, 0.0006616610007768031, 0.0031514980000793003, 0.000636427997960709, 0.0006383309992088471, 0.0005982269976811949, 0.0006780969997635111, 0.000635093998425873, 0.0007289259992830921, 0.0007287010012078099, 0.0006908060022396967, 0.0006370139999489766, 0.0006341860025713686, 0.0006642280022788327, 0.0006997409982432146, 0.0006653400014329236, 0.0006682610001007561, 0.0006403020015568472, 0.15411551900251652, 0.0006123310013208538, 0.0006005199975334108, 0.0006442820013035089, 0.0006798690010327846, 0.00062040700140642, 0.0006939720005902927, 0.0006495950001408346, 0.000672041998768691, 0.000611600000411272, 0.0006513059997814707, 0.0006408219996956177, 0.0007052480032143649, 0.0005991899997752625, 0.0038045809997129254, 0.0006882199995743576, 0.0007272750008269213, 0.0007832689989299979, 0.0007032139983493835, 0.0006008779964759015, 0.0006232100022316445, 0.0006166940002003685, 0.0006573499995283782, 0.0006562709968420677, 0.0006367989990394562, 0.0006487989994639065, 0.0006135860021458939, 0.0006309329983196221, 0.0006019120010023471, 0.0006152880014269613, 0.000641381000605179, 0.0006433050002669916, 0.0006394699994416442, 0.0006198869996296708, 0.0005879050004296005, 0.0006298459993558936, 0.000641113001620397, 0.0005977199980407022, 0.0006219679999048822, 0.0006254210020415485, 0.0006288260010478552, 0.000635169999441132, 0.0006119569989095908, 0.0005831440030306112, 0.0005922599993937183, 0.0006042720015102532, 0.0006658109996351413, 0.0006396579992724583, 0.0006315979990176857, 0.0006364820001181215, 0.0006767779996152967, 0.0007087270023475867, 0.000893458000064129, 0.0007155769999371842, 0.0006247880010050721, 0.0006362720014294609, 0.0006771949992980808, 0.0009151670019491576, 0.0006718730001011863, 0.0006611480021092575, 0.0006908770010340959, 0.0006497519971162546, 0.0006483770011982415, 0.0006758930030628107, 0.0006483530014520511, 0.0007199400024546776, 0.0007372879990725778, 0.0006340100007946603, 0.0007026849998510443, 0.0006854519997432362, 0.0006899309992149938, 0.0006184840021887794, 0.0007681329989281949, 0.000708145002136007, 0.0007342200005950872, 0.0006560949987033382, 0.000670777000777889, 0.0006328599993139505, 0.0008739149998291396], "lsd_c_10_isolate_byte_nodisc": [0.0008137849981721956, 0.0007890130000305362, 0.0008305900009872857, 0.0006741979996149894, 0.0007196879996627104, 0.0032768080018286128, 0.0008045819995459169, 0.0006679559992335271, 0.0007959130016388372, 0.0008166400002664886, 0.0008270960024674423, 0.0008913439996831585, 0.0006530809987452812, 0.0008420390004175715, 0.0007860299992898945, 0.000832412999443477, 0.0006748050000169314, 0.0007623230012541171, 0.0008576270010962617, 0.000837286002933979, 0.0008054229983827099, 0.0016087250005512033, 0.0009128060009970795, 0.001069579000613885, 0.0009651139989728108, 0.0010550379993219394, 0.0009667599988461006, 0.0009751069992489647, 0.0009233780001522973, 0.0008647460017527919, 0.001034428998536896, 0.0009946840000338852, 0.0010728310007834807, 0.0011246180001762696, 0.0011033080008928664, 0.000803661001555156, 0.0008193079993361607, 0.0008643890032544732, 0.000721077998605324, 0.000876038997375872, 0.0008405970002058893, 0.0008241689974965993, 0.0007811719988239929, 0.00068370300141396, 0.0008141260004776996, 0.0008422979990427848, 0.0009215220015903469, 0.000878318001923617, 0.0007819349993951619, 0.0007135480009310413, 0.0008155670002452098, 0.0008112329996947665, 0.0007031390014162753, 0.0007714389976172242, 0.0007511960029660258, 0.0007282240003405605, 0.0006576900013897102, 0.0007748380012344569, 0.000646104002953507, 0.0007693919978919439, 0.0025888759992085397, 0.0008732629976293538, 0.0006123439998191316, 0.0008145289975800551, 0.0008008869990590028, 0.0008538600013707764, 0.0008098539983620867, 0.0008339109990629368, 0.0007546580018242821, 0.0008234939996327739, 0.0006392499999492429, 0.0006606800016015768, 0.0008595260005677119, 0.001047849000315182, 0.0005931880004936829, 0.0008031700017454568, 0.0007827770023141056, 0.0007943630007503089, 0.0008049180032685399, 0.0008526730016455986, 0.0007931699983600993, 0.0008245140015787911, 0.0007155909988796338, 0.0007796940008120146, 0.0008548610021534842, 0.0006746489998477045, 0.0008320060005644336, 0.0006732490001013502, 0.0007119589972717222, 0.000779944999521831, 0.0008819950016913936, 0.0008146719992510043, 0.0008609559990873095, 0.0008423120016232133, 0.0008307410025736317, 0.000622741998085985, 0.0008363720007764641, 0.0008030889985093381, 0.0008195910013455432, 0.0006929590017534792]}}]}