{"radix_sort": [{"data_type": "Random", "data_size": "small", "rows": 100, "cols": 50000, "times": {"lsd_c_8_isolate_byte_nodisc": [0.0006221000003279187, 0.0006123459970694967, 0.0005979029992886353, 0.0006947080000827555, 0.0006639730017923284, 0.0028994540007261094, 0.000647558001219295, 0.0006167669998831116, 0.0006024970025464427, 0.0006531479994009715, 0.0006504970006062649, 0.0006024850008543581, 0.000605389999691397, 0.0006205619974934962, 0.0006516639987239614, 0.0006924539993633516, 0.0006437299998651724, 0.0006081489991629496, 0.0006084260021452792, 0.0006052520002413075, 0.0006241900009626988, 0.001174780998553615, 0.0006394400006684009, 0.0006184830017446075, 0.0006214400018507149, 0.0006343140012177173, 0.0006345369984046556, 0.0006227160010894295, 0.0006066229980206117, 0.0006791100022383034, 0.0006324310015770607, 0.0006534249987453222, 0.000632496001344407, 0.0006415640018531121, 0.0006446650004363619, 0.00478848200145876, 0.0006143960017652716, 0.0006422519982152153, 0.000702279998222366, 0.0007302800004254095, 0.0006419359997380525, 0.000611564999417169, 0.0006117490011092741, 0.0006122990016592667, 0.0006042649984010495, 0.0007332120003411546, 0.0005988060001982376, 0.0006188309998833574, 0.0006201700016390532, 0.0006275250016187783, 0.0006583639988093637, 0.0006290480014286004, 0.0006043829998816364, 0.0007031979985185899, 0.0006044479996489827, 0.000633869000012055, 0.0006609330011997372, 0.0006060410014470108, 0.0006135330004326534, 0.0006319849999272265, 0.0006271729980653618, 0.002222401999460999, 0.0005988240009173751, 0.0006364540022332221, 0.0006269900004554074, 0.000605769000685541, 0.0005853179973200895, 0.0006296120009210426, 0.0006257510030991398, 0.0006415120005840436, 0.0006180779964779504, 0.0006479990006482694, 0.0006368270005623344, 0.000656443000480067, 0.09717918000023928, 0.0006369820002873894, 0.0006417069998860825, 0.0006828410005255137, 0.0006323309971776325, 0.0006477580027421936, 0.0007446859999618027, 0.0006205790014064405, 0.0006208909981069155, 0.0006254330000956543, 0.0007458760010194965, 0.0006523180018120911, 0.0006833359984739218, 0.0006680139995296486, 0.0006159619988466147, 0.0006437890006054658, 0.0006780719995731488, 0.0006293799997365568, 0.0007269480011018459, 0.000661252997815609, 0.0006623389999731444, 0.0006618500010517891, 0.0006108439993113279, 0.0007447720017808024, 0.0006101639992266428, 0.0005897270020795986], "lsd_c_10_isolate_byte_nodisc": [0.0009042649980983697, 0.0007804459964972921, 0.0008113490002870094, 0.000809307999588782, 0.0007673420004721265, 0.00067542500255513, 0.0008017839973035734, 0.0007931500003905967, 0.0008861429996613879, 0.0006129369976406451, 0.0008406329980061855, 0.0008283200004370883, 0.0008461590005026665, 0.0007153810001909733, 0.0008333199984917883, 0.0007909080013632774, 0.00085128499995335, 0.0006904030014993623, 0.0008202479984902311, 0.0007637909984623548, 0.0013710480016015936, 0.0008072569980868138, 0.0006532949992106296, 0.0007754550024401397, 0.0008027679978113156, 0.0008766249993641395, 0.0007053120025375392, 0.0008138220000546426, 0.0008005839990801178, 0.00078276899876073, 0.0007714370003668591, 0.0006932950018381234, 0.0008801299991318956, 0.0008373960008611903, 0.0008668119990034029, 0.0007860299992898945, 0.0007754180005576927, 0.0008285389994853176, 0.0007068740014801733, 0.0008029400014493149, 0.000885828001628397, 0.0007269540001288988, 0.0008213840010284912, 0.0006871759978821501, 0.0008531990024494007, 0.0006622569999308325, 0.0008630400006950367, 0.0008392950003326405, 0.0010064599991892464, 0.0006587629977730103, 0.000800686000729911, 0.0008122289982566144, 0.0006550470025104005, 0.0008150020003085956, 0.0008608680000179447, 0.0006245730000955518, 0.0008318190011777915, 0.0008003090006241109, 0.0006103659979999065, 0.0008086420020845253, 0.000724920002539875, 0.0007434500003000721, 0.0006208529994182754, 0.0007415250001940876, 0.0009390870000061113, 0.0008252289990196005, 0.0009184350019495469, 0.0010339740001654718, 0.0009930660016834736, 0.0009363899989693891, 0.0009708409997983836, 0.0009035740004037507, 0.0009606120001990348, 0.0008015300008992199, 0.0005986869982734788, 0.0007412140002998058, 0.0008015429993974976, 0.0007810980023350567, 0.0007990609992702957, 0.0007725809991825372, 0.0007493449993489776, 0.0008048950003285427, 0.0007386030010820832, 0.000784787000156939, 0.0007024639999144711, 0.0006530720020236913, 0.0007903609985078219, 0.0008051209988479968, 0.0007793669974489603, 0.0006703319995722268, 0.0007835399992472958, 0.0005766829999629408, 0.0007121439994079992, 0.0006723190017510206, 0.0006665030014119111, 0.0006914769983268343, 0.0006581070010724943, 0.0007810790011717472, 0.0005851349997101352, 0.0007875219998823013]}}]}