{"radix_sort": [{"data_type": "Random", "data_size": "small", "rows": 100, "cols": 50000, "times": {"lsd_c_8_isolate_byte_nodisc": [0.0006754799978807569, 0.0006407629989553243, 0.0006136420015536714, 0.0006184379999467637, 0.0007377759975497611, 0.0036795880005229264, 0.0006973210001888219, 0.0006631720025325194, 0.0007453219986928161, 0.0007086749974405393, 0.0007173260019044392, 0.0007334759975492489, 0.0007177169973147102, 0.0006681410013698041, 0.0006460980002884753, 0.0006304000016825739, 0.0006812960018578451, 0.000689428998157382, 0.0006741949982824735, 0.0006135020012152381, 0.0006824179981776979, 0.001076212000043597, 0.0006449480024457444, 0.0006229520004126243, 0.000617740999587113, 0.0006499570008600131, 0.0006255330008571036, 0.000756801000534324, 0.0006845009993412532, 0.000650725000014063, 0.0006971880029595923, 0.0006490870000561699, 0.0006385929991665762, 0.0007395979991997592, 0.0006531390026793815, 0.0006666560002486221, 0.0006657890007772949, 0.0006287790019996464, 0.0006938600017747376, 0.0007020449993433431, 0.0007026409984973725, 0.0006935019991942681, 0.0006700539997837041, 0.0006509790000563953, 0.0007084069984557573, 0.0006508709993795492, 0.000733888999093324, 0.0007136929998523556, 0.12610537000000477, 0.0005911570005991962, 0.0006008800010022242, 0.0006176819988468196, 0.0006616979990212712, 0.000677492000249913, 0.0007821830004104413, 0.0007829530004528351, 0.0006610000018554274, 0.0007197580016509164, 0.0006889340002089739, 0.0006853580016468186, 0.002456548001646297, 0.0006680170008621644, 0.0006516289977298584, 0.0006302789988694713, 0.0006496990026789717, 0.0007331939996220171, 0.0007184949972725008, 0.0007718849992670584, 0.0007233869982883334, 0.00060012399990228, 0.0006229559985513333, 0.0006648890012002084, 0.0007312519992410671, 0.0009731280006235465, 0.000635207998129772, 0.0006432339978346135, 0.0006532459992740769, 0.0006285090021265205, 0.0005992210026306566, 0.000721112999599427, 0.0006962260013096966, 0.0006713469992973842, 0.0006420940007956233, 0.000621784998656949, 0.0007109729995136149, 0.0007156400024541654, 0.0006392279974534176, 0.0006584670009033289, 0.0007065259997034445, 0.0007225949993880931, 0.0006742589976056479, 0.0007060690004436765, 0.0006693229988741223, 0.0006993339993641712, 0.0006281099995248951, 0.0006654710014117882, 0.0007515430006606039, 0.0006205720019352157, 0.0005954910011496395, 0.0006202320000738837], "lsd_c_10_isolate_byte_nodisc": [0.0008898939995560795, 0.0007980939990375191, 0.0007283270024345256, 0.0007495429999835324, 0.0007290389985428192, 0.0008408689973293804, 0.0008041189976211172, 0.0005912470005569048, 0.0007406440017803106, 0.0006620130006922409, 0.0008987479995994363, 0.0009298339973611291, 0.0008312360005220398, 0.0008233309999923222, 0.0007685249984206166, 0.0008129119996738154, 0.0008707230008440092, 0.000836753002658952, 0.0006514010019600391, 0.000774689997342648, 0.0011520749976625666, 0.0007760330008750316, 0.0007332550012506545, 0.0007914629968581721, 0.0008177039999281988, 0.0007453819998772815, 0.0008748309992370196, 0.0007989190016814973, 0.0006237829984456766, 0.0008319689986819867, 0.0007168320007622242, 0.0007011819980107248, 0.0007388419980998151, 0.0008714639989193529, 0.0009014210008899681, 0.0008820439979899675, 0.0007438850007019937, 0.0006868180025776383, 0.00094485500085284, 0.0008657729995320551, 0.0008766330029175151, 0.0008525010016455781, 0.0008864820010785479, 0.0007632349988853093, 0.0008214010013034567, 0.0008051920012803748, 0.000806519001343986, 0.0006962560000829399, 0.001100311001209775, 0.0007914769994386006, 0.0008007519973034505, 0.0007409959980577696, 0.0006110549984441604, 0.0007843929997761734, 0.0008387979978579096, 0.0008505580008204561, 0.0008392710005864501, 0.0008200279989978299, 0.0007815739991201553, 0.0008834840009512845, 0.0008494510002492461, 0.000803702998382505, 0.0007764160000078846, 0.0007966240009409375, 0.0007140570014598779, 0.0008208149993151892, 0.000700143998983549, 0.0008013449987629429, 0.0007621539989486337, 0.0007679150003241375, 0.0006819970003562048, 0.0007561019992863294, 0.0011119369992229622, 0.0007690499987802468, 0.0006775380024919286, 0.0007524639986513648, 0.0008292359998449683, 0.0008439890007139184, 0.0007755100014037453, 0.0006424419989343733, 0.000693772999511566, 0.000807856999017531, 0.0008184660000551958, 0.000838586001918884, 0.0008899649983504787, 0.0008173429996531922, 0.0008227139987866394, 0.0007813009979145136, 0.0008294460021716077, 0.0007125780030037276, 0.0008374160024686716, 0.0009148200006166007, 0.0008248840022133663, 0.0005890649990760721, 0.0006162509998830501, 0.0006808799989812542, 0.000823717000457691, 0.0007940040013636462, 0.0008019310007512104, 0.0006237130000954494]}}]}