{"radix_sort": [{"data_type": "Random", "data_size": "small", "rows": 100, "cols": 50000, "times": {"lsd_c_8_isolate_byte_nodisc": [0.0007597749972774182, 0.0006465629994636402, 0.0007285980027518235, 0.0006882279994897544, 0.0007320029981201515, 0.00443880300008459, 0.0007459500011464115, 0.0006951649993425235, 0.0007183050001913216, 0.000667119998979615, 0.000732706997951027, 0.0007826069995644502, 0.0007488379997084849, 0.0006477790011558682, 0.0006784659999539144, 0.0007017149982857518, 0.0006988900022406597, 0.0007550330010417383, 0.0007066370017128065, 0.0006791560008423403, 0.0006716380012221634, 0.001099396002246067, 0.000602143001742661, 0.0006606479983020108, 0.0007614730020577554, 0.000704262998624472, 0.000711919001332717, 0.0007929339990369044, 0.0006994409995968454, 0.0006513360021926928, 0.000649198998871725, 0.0008109160007734317, 0.0007482260007236619, 0.0007277360018633772, 0.0007207189992186613, 0.0006919510014995467, 0.0006759770003554877, 0.0006852799997432157, 0.0008173650021490175, 0.0008028179981920402, 0.0007835090000298806, 0.0007138049986679107, 0.0006506940007966477, 0.0009064410005521495, 0.0006673440002487041, 0.000686873998347437, 0.0007803509979567025, 0.0008208010003727395, 0.13306372099759756, 0.0006046489979780745, 0.000683322999975644, 0.000709979998646304, 0.0006561330010299571, 0.000717372000508476, 0.0007434319995809346, 0.0007617349983775057, 0.0006630140014749486, 0.0006658189995505381, 0.0006885699986014515, 0.0006942820000404026, 0.0032528419978916645, 0.000747766000131378, 0.0007154730010370258, 0.0006441719997383188, 0.0007145810013753362, 0.0007571239984827116, 0.0008140829995681997, 0.000688620002620155, 0.0008093299984466285, 0.0007615409995196387, 0.0006273269973462448, 0.000605997000093339, 0.000604017997829942, 0.0009253499993064906, 0.0006012829981045797, 0.0006700609992549289, 0.0006566739975824021, 0.0009161699999822304, 0.0006691460002912208, 0.0006605339985981118, 0.0006629460003750864, 0.0006411829999706242, 0.0006512130021292251, 0.0006735209972248413, 0.000818991000414826, 0.0006791109990444966, 0.0006262349997996353, 0.0006702649989165366, 0.0006060960004106164, 0.0006584769980690908, 0.0006217789996298961, 0.000608406997343991, 0.0009267200002796017, 0.0010082629996759351, 0.0011574800009839237, 0.0008662000000185799, 0.0006596029998036101, 0.000629944999673171, 0.0006822359973739367, 0.0006267810022109188], "lsd_c_10_isolate_byte_nodisc": [0.0007719999994151294, 0.0007596670002385508, 0.000931092999962857, 0.0008356639991689008, 0.0008153710004989989, 0.0008990089991129935, 0.0008789460007392336, 0.0006734769995091483, 0.0008470680004393216, 0.0007880869998189155, 0.0010281129980285186, 0.0009035490002133884, 0.0007370460007223301, 0.0008463159974780865, 0.0006504070006485563, 0.0007396219989459496, 0.0009134210013144184, 0.0008061210028245114, 0.0008069929972407408, 0.0008805760007817298, 0.0012385090012685396, 0.0008263670024462044, 0.0008199110015993938, 0.0008336089995282236, 0.0008244259988714475, 0.0009058809991984162, 0.0007245289998536464, 0.0008135979987855535, 0.0009099100025196094, 0.0008375450015591923, 0.0006201639989740215, 0.0008689560017955955, 0.0009948910010280088, 0.0008748410000407603, 0.0007772919998387806, 0.0008051190015976317, 0.0007646760022907984, 0.0008268040000984911, 0.0009511469979770482, 0.0009694959990156349, 0.0007318059979297686, 0.0007900970012997277, 0.0008139000019582454, 0.0008591650002927054, 0.0007902399993326981, 0.0008514530018146615, 0.0009561429978930391, 0.0010088990020449273, 0.0007820270002412144, 0.000772628998674918, 0.000817766002001008, 0.0008704059982846957, 0.0007702889997744933, 0.0007971910017658956, 0.0009005469983094372, 0.0006220489995030221, 0.0009075939997273963, 0.0007540449987573083, 0.0008351610013050959, 0.0006309179989330005, 0.0008366729998670053, 0.0008391489973291755, 0.0008560129972465802, 0.0010055070015368983, 0.0009515109995845705, 0.0008836390006763395, 0.000718367999070324, 0.000672606001899112, 0.0007322000019485131, 0.0008414719995926134, 0.0010318019994883798, 0.0014104149995546322, 0.0007197490012913477, 0.0007479409978259355, 0.0007813539996277541, 0.0008707400011189748, 0.0008377249978366308, 0.000804418003099272, 0.0008404010004596785, 0.0007574180017400067, 0.0008284070027002599, 0.0007619890020578168, 0.000984818001597887, 0.0009444030001759529, 0.0008471599976473954, 0.000859488998685265, 0.0006383060026564635, 0.0008721119993424509, 0.0009312759975728113, 0.0010197189985774457, 0.0006597729989152867, 0.0006414909985323902, 0.0008195089976652525, 0.0007893009969848208, 0.0008497519993397873, 0.0007602679979754612, 0.0008074700017459691, 0.0007654050023120362, 0.000795234001998324, 0.000807857999461703]}}]}