{"radix_sort": [{"data_type": "Random", "data_size": "small", "rows": 100, "cols": 50000, "times": {"lsd_c_8_isolate_byte_nodisc": [0.000690337001287844, 0.0007218250029836781, 0.0006652900010521989, 0.0006530329992529005, 0.0006803559990657959, 0.0036755479995917995, 0.0006472149980254471, 0.000733198001398705, 0.0006625739988521673, 0.000627694000286283, 0.0006926019996171817, 0.0007444279981427826, 0.0007262050021381583, 0.0007350330015469808, 0.0007185069989645854, 0.0007252880022861063, 0.0007151800018618815, 0.0007211839983938262, 0.0007094269967637956, 0.000676760002534138, 0.0006868880009278655, 0.16986132599777193, 0.0007885140003054403, 0.0008273700004792772, 0.0007151750032790005, 0.0007353219989454374, 0.0006823839976277668, 0.000625633001618553, 0.0006283600014285184, 0.0006372600000759121, 0.0006175079979584552, 0.0006470619991887361, 0.0006153290014481172, 0.0006405759995686822, 0.00061152300258982, 0.0032864230015547946, 0.0005996300023980439, 0.0006407200016838033, 0.0006823129988333676, 0.0007323159989027772, 0.0006808850012021139, 0.0006250609985727351, 0.0006944909982848912, 0.000642036997305695, 0.0006235439977899659, 0.000617785997746978, 0.0006743129997630604, 0.0006423939994419925, 0.0006191879983816762, 0.0006135399999038782, 0.0007274219969986007, 0.0006634019991906825, 0.0007192619996203575, 0.0006711679998261388, 0.0006676759985566605, 0.0007549710026069079, 0.0006609259980905335, 0.0006462950004788581, 0.0006160619996080641, 0.0006525610006065108, 0.0006233439999050461, 0.0006343639979604632, 0.0006328959971142467, 0.0006060630003048573, 0.0006882390007376671, 0.000677034000545973, 0.0007147779979277402, 0.0006749970016244333, 0.0006290389974310528, 0.0006328259987640195, 0.0006309609998425003, 0.0006727360014338046, 0.000687245003064163, 0.0006411569993360899, 0.0006758579984307289, 0.000724007000826532, 0.0006750680004188325, 0.0006878300009702798, 0.0006493199980468489, 0.0006379359983839095, 0.0006034629986970685, 0.0006372110001393594, 0.0006227829981071409, 0.0006330200012598652, 0.0006146429986984003, 0.0006167819992697332, 0.0007010339977568947, 0.0006112689989095088, 0.000655230996926548, 0.0006447350024245679, 0.0006965259999560658, 0.0006281589994614478, 0.0006139460019767284, 0.0006520890019601211, 0.0006962280021980405, 0.0007124650001060218, 0.0006347650014504325, 0.0006367320020217448, 0.0006230719991435762, 0.0009927309984050225], "lsd_c_10_isolate_byte_nodisc": [0.0006517709989566356, 0.0008638049985165708, 0.0007126929995138198, 0.0007451099991158117, 0.000759351001761388, 0.003274024998972891, 0.0009119790011027362, 0.0007152379985200241, 0.0006693060022371355, 0.0006514099986816291, 0.0008913849997043144, 0.0007468600015272386, 0.0007539329999417532, 0.0007550670015916694, 0.0007998619985301048, 0.0007441070010827389, 0.0006756380025763065, 0.0008303470021928661, 0.0006596969979000278, 0.0008452849979221355, 0.0007800880011927802, 0.0012823839970224071, 0.0006693389987049159, 0.0007852970011299476, 0.0008031979996303562, 0.0008118169971567113, 0.0007406859986076597, 0.00075413200102048, 0.0007468199983122759, 0.0008257350018539, 0.0007678470028622542, 0.0008122389990603551, 0.0007001990015851334, 0.00086432500029332, 0.0007311419976758771, 0.0006635060017288197, 0.0006544640018546488, 0.0008370350005861837, 0.0007592719994136132, 0.0008344509988091886, 0.0006425320025300607, 0.0008100809973257128, 0.0008256740002252627, 0.0007550730006187223, 0.0007806200010236353, 0.0007780460000503808, 0.0009172419995593373, 0.0008637109967821743, 0.0006920250016264617, 0.0008152240006893408, 0.0006493309992947616, 0.0007799109989719, 0.0007225869994726963, 0.0008135249991028104, 0.0008022859983611852, 0.000902075000340119, 0.0008265149990620557, 0.0006176099996082485, 0.0008075299992924556, 0.0008672709991515148, 0.0022835720010334626, 0.0007700299975113012, 0.0007735130020591896, 0.0007744079994154163, 0.0008183110003301408, 0.000900207000086084, 0.0009493199977441691, 0.0008715399999346118, 0.00067680799838854, 0.0008236129979195539, 0.0007481259999622125, 0.0008127999972202815, 0.0008890540011634585, 0.0010929220006801188, 0.0007682290015509352, 0.0007750719996693078, 0.0007301180012291297, 0.0008398930003750138, 0.000626852001005318, 0.0009310469977208413, 0.000878814000316197, 0.0008497179987898562, 0.0006767800005036406, 0.0008013229999050964, 0.0007694990017625969, 0.0007944540011521894, 0.0006257569984882139, 0.0007483619992854074, 0.0008489009996992536, 0.0007148469994717743, 0.0007187090013758279, 0.0006697959979646839, 0.000882207001268398, 0.0008628050018160138, 0.0008185629994841293, 0.0007665949997317512, 0.0008583150010963436, 0.0010347969982831273, 0.0009561509978084359, 0.0011068580024584662]}}]}