{"radix_sort": [{"data_type": "Random", "data_size": "small", "rows": 100, "cols": 50000, "times": {"lsd_c_8_isolate_byte_nodisc": [0.000725152000086382, 0.0006491740023193415, 0.0006657949998043478, 0.0006310650023806375, 0.0006521969989989884, 0.003676713000459131, 0.0006508469996333588, 0.0006306039977062028, 0.0006169030020828359, 0.0006870110009913333, 0.0006669120011792984, 0.0007877879979787394, 0.0007418370005325414, 0.0006565830008185003, 0.0006758700001228135, 0.0006728790031047538, 0.0006609570009459276, 0.0007279040000867099, 0.0006667799971182831, 0.0007132409991754685, 0.0006284529990807641, 0.0011103389988420531, 0.0006347320013446733, 0.0006538960005855188, 0.0006545769974763971, 0.0007224649998534005, 0.0006425680003303569, 0.0007794279990775976, 0.0007696350003243424, 0.0006981850019656122, 0.0007309579996217508, 0.0006583340000361204, 0.0008097050013020635, 0.0007149830016714986, 0.0006660489998466801, 0.0006840179994469509, 0.0006856279978819657, 0.0006699630030198023, 0.0006355379991873633, 0.000708340998244239, 0.0007800690000294708, 0.0007666540004720446, 0.0006987169981584884, 0.0006270789999689441, 0.0006380410013662186, 0.0006667640009254683, 0.000797294000221882, 0.000688131000060821, 0.12718597000275622, 0.0006134020004537888, 0.0006735749993822537, 0.000658275999739999, 0.0007578479999210685, 0.0006654610006080475, 0.0007581899990327656, 0.0006905529990035575, 0.000636649001535261, 0.0006887669987918343, 0.0006600540000363253, 0.000717644998076139, 0.0022341930016409606, 0.0006359600010910071, 0.0006638129998464137, 0.000633910000033211, 0.0006706599997414742, 0.0007351300009759143, 0.0007355550005740952, 0.0007118550020095427, 0.0007030619999568444, 0.0006500109993794467, 0.0007030429987935349, 0.0007664240001759026, 0.0007496739999623969, 0.001020011000946397, 0.0006268580000323709, 0.0006229380014701746, 0.0006556109983648639, 0.0006455670009017922, 0.0006426639993151184, 0.0007636589980393182, 0.000668605000100797, 0.0006625599999097176, 0.0006452249981521163, 0.0006783959979657084, 0.0007667450008739252, 0.0006744730017089751, 0.0006230710023373831, 0.0007333310022659134, 0.0006851649995951448, 0.0006292450016189832, 0.0006520850001834333, 0.0007627249979123008, 0.000723099998140242, 0.0006773749992134981, 0.000671730002068216, 0.0006351010015350766, 0.0008703069979674183, 0.0006057209975551814, 0.0006596939965675119, 0.0006224919998203404], "lsd_c_10_isolate_byte_nodisc": [0.0009569770008965861, 0.000773157000367064, 0.00079908699990483, 0.0007678639994992409, 0.0007806979992892593, 0.0008678249978402164, 0.0008374909994017798, 0.0008543099975213408, 0.000876415000675479, 0.0007879730001150165, 0.0009546149995003361, 0.0009399130030942615, 0.0008878259977791458, 0.0007280589998117648, 0.001044755001203157, 0.0008343630033778027, 0.0009929090010700747, 0.0008763719997659791, 0.0006288420008786488, 0.0007950600011099596, 0.001293094999709865, 0.0007430750010826159, 0.0007359939991147257, 0.0008066949994827155, 0.0008586000003560912, 0.0008861620008246973, 0.0010248600010527298, 0.0008267259981948882, 0.0006538689995068125, 0.0008509170002071187, 0.0010584749979898334, 0.0007004699982644524, 0.0007906840000941884, 0.0008505570003762841, 0.000809154000307899, 0.0006900260013935622, 0.0007402920018648729, 0.0007658649992663413, 0.0009158850007224828, 0.0008458960001007654, 0.0009370379993924871, 0.0006508320002467372, 0.0007372130021394696, 0.0008893459998944309, 0.0006821660026616883, 0.0009829049995460082, 0.0009405169985257089, 0.0006366659981722478, 0.0009186410024994984, 0.0008454070011794101, 0.0006910520023666322, 0.0008051629993133247, 0.0006532580009661615, 0.0007887249994382728, 0.0007399280002573505, 0.0009058299983735196, 0.000876950998645043, 0.0008362309999938589, 0.0007158230000641197, 0.0011146799988637213, 0.0008152390000759624, 0.0008193280009436421, 0.0006454979993577581, 0.0007256090029841289, 0.0008122840008581989, 0.0009534719974908512, 0.0008759049997024704, 0.000803774000814883, 0.0007903740006440785, 0.0008569070014345925, 0.0008010540004761424, 0.0009582120001141448, 0.0010448850007378496, 0.0007808020018273965, 0.0008096220008155797, 0.0007979879992490169, 0.000804197999968892, 0.0009368330029246863, 0.0009879579993139487, 0.0008283380011562258, 0.0008303190006699879, 0.000623768999503227, 0.0007358289985859301, 0.000888806000148179, 0.000746355999581283, 0.00079626699880464, 0.0007575739982712548, 0.000835804999951506, 0.0007617830015078653, 0.00079450700286543, 0.0008893570011423435, 0.0008436319985776208, 0.0008015720013645478, 0.0008406130000366829, 0.0008786439975665417, 0.0007185110007412732, 0.0006529809979838319, 0.0007952419982757419, 0.0006044389992894139, 0.0007920230018498842]}}]}