{"radix_sort": [{"data_type": "Random", "data_size": "small", "rows": 100, "cols": 50000, "times": {"lsd_c_8_isolate_byte_nodisc": [0.0007575379968329798, 0.0006781439988117199, 0.0008643549990665633, 0.0006489599982160144, 0.0006501219977508299, 0.0030799480009591207, 0.0006704859988531098, 0.0006793110005673952, 0.0006518489972222596, 0.0006765170001017395, 0.0007206629998108838, 0.0009304640007030685, 0.00076698999691871, 0.0007483869994757697, 0.0007264669984579086, 0.000645611002255464, 0.000658314998872811, 0.0007009479995758738, 0.0007183230009104591, 0.0006591749988729134, 0.0006776150003133807, 0.0010554229993431363, 0.0006756789989594836, 0.000641767997876741, 0.000675164999847766, 0.000655071999062784, 0.000636348999250913, 0.0007355000016104896, 0.0006812140018155333, 0.0007288330016308464, 0.0006782759992347565, 0.000690799999574665, 0.0007506019974243827, 0.0007694900014030281, 0.0007305450017156545, 0.0007571179994556587, 0.000738613998692017, 0.0007922469994809944, 0.0007645320001756772, 0.0007793059994583018, 0.0008696509976289235, 0.0008152459995471872, 0.0008342580003954936, 0.0007736650004517287, 0.0008087019996310119, 0.0010606799987726845, 0.000821354999061441, 0.0006643550004810095, 0.12599120999948354, 0.0006067569993319921, 0.0006326519978756551, 0.0006348629976855591, 0.0006983489984122571, 0.0007376920002570841, 0.0005964019983366597, 0.0006374499971570913, 0.0006017400010023266, 0.0006259959991439246, 0.0006204650017025415, 0.000639284000499174, 0.003101715999946464, 0.000637570999970194, 0.000620943999820156, 0.0006120930011093151, 0.0006838350018369965, 0.0007170429998950567, 0.0007626500009791926, 0.000649771998723736, 0.0006887189992994536, 0.0008006589996512048, 0.0007667979989491869, 0.0006820790003985167, 0.0006355410005198792, 0.0010738940000010189, 0.0007093580024957191, 0.0007372860018222127, 0.0008316220009874087, 0.0007851199989090674, 0.0007756710001558531, 0.000820209999801591, 0.0007980089976626914, 0.000749442999222083, 0.0006825720010965597, 0.0006998060016485397, 0.0006782290001865476, 0.0007471050012100022, 0.0006394759984686971, 0.0006964179992792197, 0.0007235910015879199, 0.0007345079975493718, 0.000830699998914497, 0.0007120059999579098, 0.0007021929995971732, 0.0006596120001631789, 0.0006774379980925005, 0.0006971120019443333, 0.0008503850003762636, 0.0006094570017012302, 0.0006285189992922824, 0.0006660270009888336], "lsd_c_10_isolate_byte_nodisc": [0.0007080319992383011, 0.0006644490022154059, 0.0007328510000661481, 0.0007467290015483741, 0.0006192770015331917, 0.0007163560003391467, 0.0007872410023992416, 0.0007612310000695288, 0.0008005649979168084, 0.0005885880018468015, 0.0009192520010401495, 0.000806480002211174, 0.0007477300023310818, 0.0007339830008277204, 0.0008866039970598649, 0.0007724450006207917, 0.0007952010018925648, 0.0007398460002150387, 0.000751652001781622, 0.0009028120002767537, 0.0012417940015438944, 0.0007712830010859761, 0.0007918000010249671, 0.0006944619999558199, 0.000766105000366224, 0.0008759880001889542, 0.0008521710005879868, 0.0007808850023138802, 0.0006117289995017927, 0.000744447999750264, 0.0005780789979326073, 0.0007514539975090884, 0.0008750540000619367, 0.0008820069997454993, 0.0006245950025913771, 0.0008453059999737889, 0.0008582840018789284, 0.0008152810005412903, 0.0007880960001784842, 0.0008613889986008871, 0.0006232429986994248, 0.0007774129990139045, 0.0007350390005740337, 0.0008134109993989114, 0.0006958650010346901, 0.0006167290011944715, 0.0008058679995883722, 0.0010389199997007381, 0.0007654280016140547, 0.0006825469972682185, 0.0007782549982948694, 0.0008252419975178782, 0.0008335170023201499, 0.0007563149993075058, 0.0008415439988311846, 0.0007353229993896093, 0.0008281289992737584, 0.0008334650010510813, 0.000718063998647267, 0.000785438998718746, 0.0005954539992671926, 0.0007739610009593889, 0.0008236229987232946, 0.0008264569987659343, 0.0008610600016254466, 0.0007807359979778994, 0.000731865999114234, 0.000873819000844378, 0.0008007179967535194, 0.0008460239987471141, 0.0007318380012293346, 0.0012471640002331696, 0.0007443960021191742, 0.0008434589981334284, 0.000745553999877302, 0.0008123369989334606, 0.0007294130009540822, 0.0005909600004088134, 0.000711578999471385, 0.0007064099991112016, 0.0006911769996804651, 0.0007874820003053173, 0.0007366249992628582, 0.0008110900016617961, 0.0009152530001301784, 0.000846744002046762, 0.0007947500016598497, 0.0009125120013777632, 0.0006040629996277858, 0.0007951329971547239, 0.0005976680004096124, 0.0008069950017670635, 0.0007540010010416154, 0.0007039429983706214, 0.0008049389980442356, 0.0007867259992053732, 0.0006829720005043782, 0.0006003069975122344, 0.000869207000505412, 0.0007449339973391034]}}]}