{"radix_sort": [{"data_type": "Random", "data_size": "small", "rows": 100, "cols": 50000, "times": {"lsd_c_8_isolate_byte_nodisc": [0.0006367140013026074, 0.0006232580017240252, 0.0006320159991446417, 0.0006455519978771918, 0.0006692240021948237, 0.0030857960009598173, 0.0006935730016266461, 0.000716768998245243, 0.0006105100001150277, 0.0006171860004542395, 0.0005863549995410722, 0.0006433000016841106, 0.0006021720000717323, 0.0006288160002441145, 0.0006567849995917641, 0.0006110760004958138, 0.0006785149998904672, 0.0006178010007715784, 0.0007046450009511318, 0.0006006510011502542, 0.0007216080011858139, 0.0011153150007885415, 0.000640390000626212, 0.0007396350010822061, 0.0006054320001567248, 0.0006791949999751523, 0.0006323560010059737, 0.0006123189996287692, 0.0005989189994579647, 0.0006331759977911133, 0.000632044997473713, 0.0006243950010684785, 0.0007394160020339768, 0.0006095099997764919, 0.0006935309975233395, 0.0007079319984768517, 0.0006425850006053224, 0.0006319250023807399, 0.0006079220001993235, 0.000671580000926042, 0.0006456339979195036, 0.0005983060000289697, 0.0006409279994841199, 0.0005949619990133215, 0.0006063109976821579, 0.000609430000622524, 0.000637377001112327, 0.0006266060008783825, 0.12610130900065997, 0.0006104319982114248, 0.0006392719988070894, 0.0006468650026363321, 0.0006602369976462796, 0.0006769079991499893, 0.000660178000543965, 0.0006411809990822803, 0.0006042360000719782, 0.000621553001110442, 0.000643592000415083, 0.0005992859987600241, 0.0018488239984435495, 0.0006125910003902391, 0.000594940000155475, 0.0006317659972410183, 0.0008798390008450951, 0.0006557849992532283, 0.0006202459990163334, 0.0006569150027644355, 0.0006925579982635099, 0.0006457310009864159, 0.000632383998890873, 0.0006676199991488829, 0.0005880300013814121, 0.001034503999107983, 0.0006340159998217132, 0.0006759310017514508, 0.0006075209967093542, 0.000629442001809366, 0.0005971990030957386, 0.0006447189989557955, 0.0006163649995869491, 0.0007355589987128042, 0.0007395409993478097, 0.0006594359983864706, 0.0007202409979072399, 0.0006481269992946181, 0.0006800800001656171, 0.0008408089997828938, 0.0006745950013282709, 0.0007160679997468833, 0.0007102000017766841, 0.0006995499970798846, 0.0007079079987306613, 0.0006680199985567015, 0.0007379469971056096, 0.0006171549975988455, 0.0008221499992941972, 0.0008042869994824287, 0.000703112000337569, 0.0007440360022883397], "lsd_c_10_isolate_byte_nodisc": [0.0008731249981792644, 0.0007663659998797812, 0.0006598190011573024, 0.0008107629982987419, 0.0007255450000229757, 0.0008529360020474996, 0.0008647369977552444, 0.0008802800002740696, 0.0008178799980669282, 0.0007619969983352348, 0.0008237799993366934, 0.0008728159991733264, 0.0009209190029650927, 0.0007719089990132488, 0.0008191919987439178, 0.000880271996720694, 0.0010230370025965385, 0.0008292659986182116, 0.0008853090002958197, 0.0008832940002321266, 0.0013030199988861568, 0.0007811020004737657, 0.0008045110007515177, 0.0007417729975713883, 0.0008287879973067902, 0.0007871150010032579, 0.0007984100011526607, 0.0008762779980315827, 0.0008640549967822153, 0.0007620190008310601, 0.0006964960011828225, 0.0009244880020560231, 0.0009060990014404524, 0.00088350999794784, 0.0007105069998942781, 0.000861047999933362, 0.0008689160022186115, 0.0007925809986772947, 0.0007974189975357149, 0.0007299640019482467, 0.0008133299998007715, 0.0008245090029959101, 0.0008704859974386636, 0.0007912250002846122, 0.0008503039971401449, 0.0009064570003829431, 0.0008546460012439638, 0.0008518770009686705, 0.0013993979991937522, 0.0009973850028472953, 0.0011007520006387495, 0.0009474040016357321, 0.0010619060012686532, 0.0010411879993625917, 0.0011390369982109405, 0.0010486210012459196, 0.0007296020012290683, 0.0006099050006014295, 0.0006705260020680726, 0.0007772609969833866, 0.0008550650018150918, 0.0007785910020174924, 0.0008591620025981683, 0.000768505000451114, 0.0006537820008816198, 0.0009397630019520875, 0.000931206999666756, 0.0008478810013912152, 0.0006105390020820778, 0.0008839149995765183, 0.0009465309994993731, 0.0010208599996985868, 0.001170586998341605, 0.000713143999746535, 0.0006299979977484327, 0.000726645997929154, 0.0009050010012288112, 0.0007881819983595051, 0.0009142679991782643, 0.0007695040003454778, 0.0007799560007697437, 0.0008794029999990016, 0.0008360900028492324, 0.0009478490028413944, 0.0009474239996052347, 0.000776245000452036, 0.0008318510008393787, 0.0007769590010866523, 0.0007848380009818356, 0.0008228469996538479, 0.0008296990017697681, 0.0008203159995900933, 0.0007642929995199665, 0.000718253999366425, 0.0008234310007537715, 0.0009634140005800873, 0.0007785580019117333, 0.0006799980001233052, 0.0008660470011818688, 0.000935747997573344]}}]}