{"radix_sort": [{"data_type": "Random", "data_size": "tiny", "rows": 10, "cols": 100000, "times": {"lsd_c_6_isolate_byte_nodisc": [0.0012059329892508686, 0.07521473801170941, 0.0012311380123719573, 0.0013090869906591251, 0.0013344579929253086, 0.0013734660024056211, 0.0015104560006875545, 0.001235820003785193, 0.0013131739979144186, 0.0011663320037769154, 0.0012852700019720942, 0.0011345269886078313, 0.001260829987586476, 0.0012311219907132909, 0.0011562349973246455, 0.006003831003908999, 0.0011743630020646378, 0.001103988994145766, 0.0011640370066743344, 0.0012182759965071455], "lsd_c_8_isolate_byte_nodisc": [0.0014817719929851592, 0.08006177299830597, 0.0013441920018522069, 0.001375103005557321, 0.0014549220068147406, 0.0014059410023037344, 0.0013598840014310554, 0.001044553006067872, 0.0013741559960180894, 0.001454042998375371, 0.0015848820039536804, 0.0013132340100128204, 0.0011765679955715314, 0.0011932899942621589, 0.001230387992109172, 0.0026527500012889504, 0.0012737539946101606, 0.0010754720133263618, 0.0011935429938603193, 0.00105132999306079], "lsd_c_10_isolate_byte_nodisc": [0.0013158729998394847, 0.07474732901027892, 0.000997130002360791, 0.0009977539884857833, 0.0011235960118938237, 0.0011202089954167604, 0.001252715999726206, 0.0009067920036613941, 0.0011042350088246167, 0.0009609010012354702, 0.0014954719954403117, 0.001285745995119214, 0.0009919580043060705, 0.0011038009979529306, 0.0009413759980816394, 0.0012126859946874902, 0.0009321810066467151, 0.0009620509954402223, 0.0009567649976816028, 0.0010025319934356958], "lsd_c_12_isolate_byte_nodisc": [0.0012376730010146275, 0.07772774799377657, 0.0011225019989069551, 0.0011112240026704967, 0.0012287319987080991, 0.001279435004107654, 0.001385359006235376, 0.00106519200198818, 0.001264156002434902, 0.0011140670103486627, 0.0012907619966426864, 0.0012103100016247481, 0.0011438399960752577, 0.001102467009332031, 0.001174104996607639, 0.0010995979973813519, 0.0010619280074024573, 0.0011515600053826347, 0.0010979550133924931, 0.0010597159998724237], "lsd_c_14_isolate_byte_nodisc": [0.002895839003031142, 0.04848167300224304, 0.0026121429982595146, 0.002175041998270899, 0.002531242003897205, 0.0018842370045604184, 0.0023890670127002522, 0.002060780010651797, 0.0020193110103718936, 0.002138572992407717, 0.0017902460094774142, 0.0021271279983920977, 0.0028775749960914254, 0.002165853002225049, 0.0021665769891114905, 0.00216880498919636, 0.0021055940014775842, 0.002175289992010221, 0.0020421350054675713, 0.002222676994279027], "lsd_c_16_isolate_byte_nodisc": [0.0015401419950649142, 0.002076458011288196, 0.0016802140016807243, 0.0015359910030383617, 0.0019384870101930574, 0.001710701995762065, 0.0018171690026065335, 0.0019662910053739324, 0.0018895219982368872, 0.002127194995409809, 0.00165135100542102, 0.001458148006349802, 0.002690522000193596, 0.0017771730053937063, 0.001895471999887377, 0.0019524870003806427, 0.0014242619945434853, 0.0014975449885241687, 0.0019401320023462176, 0.0018447579932399094], "lsd_p_6_isolate_byte_nodisc": [0.010407187000964768, 0.031922381996992044, 0.01158691399905365, 0.009666483994806185, 0.007704132003709674, 0.053082904996699654, 0.0109477229998447, 0.010929435011348687, 0.003875163005432114, 0.009318853000877425, 0.007110097998520359, 0.010949518997222185, 0.007316948001971468, 0.009705534990644082, 0.0071467210073024035, 0.007447609008522704, 0.010829963008291088, 0.008306421004817821, 0.009010716006741859, 0.009266848006518558], "lsd_p_8_isolate_byte_nodisc": [0.008458101001451723, 0.021011475997511297, 0.012936363011249341, 0.007829594993381761, 0.008040565997362137, 0.009429817000636831, 0.05524151399731636, 0.006262631010031328, 0.0067015530075877905, 0.010989645990775898, 0.00882895699760411, 0.008158890006598085, 0.055622798012336716, 0.00653160699584987, 0.0071882199990795925, 0.010374208010034636, 0.009415077001904137, 0.011054850008804351, 0.0030715940083609894, 0.011101661992142908], "lsd_p_10_isolate_byte_nodisc": [0.008400653998251073, 0.024394744003075175, 0.013572348005254753, 0.007415451997076161, 0.010505872996873222, 0.003727785006049089, 0.003200161998393014, 0.012007220007944852, 0.010307746997568756, 0.005344057004549541, 0.008687620007549413, 0.003109520999714732, 0.011729714009561576, 0.009717007997096516, 0.005725809998693876, 0.011618966003879905, 0.0032086010032799095, 0.010755600989796221, 0.009906984007102437, 0.006765109996194951], "lsd_p_12_isolate_byte_nodisc": [0.006672411996987648, 0.01863499899627641, 0.012407645001076162, 0.007487843991839327, 0.008401095008593984, 0.003037196001969278, 0.0031704579887446016, 0.010780882003018633, 0.00920223600405734, 0.006145692997961305, 0.01033737299439963, 0.003267168009188026, 0.011842042993521318, 0.010220010997727513, 0.006223201999091543, 0.008422591999988072, 0.0032042090024333447, 0.010569336998742074, 0.01040903601096943, 0.005353364002075978]}}]}