{"radix_sort": [{"data_type": "Random", "data_size": "small", "rows": 100, "cols": 50000, "times": {"lsd_c_8_isolate_byte_nodisc": [0.0006529400016006548, 0.0006050110023352318, 0.0006249389989534393, 0.0006090749993745703, 0.000618081001448445, 0.0030152590006764513, 0.0007211420015664771, 0.0005661620016326196, 0.0006439089993364178, 0.0006238489986571949, 0.000626626999292057, 0.0006665820001217071, 0.0006336170008580666, 0.0006063219989300705, 0.000591353000345407, 0.0005859119992237538, 0.0006078469996282365, 0.0007150669989641756, 0.0006681240010948386, 0.0006198539995239116, 0.0005804729989904445, 0.14098151000143844, 0.000610076000157278, 0.0005995729989081156, 0.0006385460001183674, 0.0005805079999845475, 0.0006558060013048816, 0.0007104940013960004, 0.0006551990009029396, 0.0006820749986218289, 0.0006017230007273611, 0.0006484510013251565, 0.0006241720002435613, 0.0006883259993628599, 0.0005896959992242046, 0.0030971230007708073, 0.0006341759981296491, 0.0005840090016135946, 0.0006104760032030754, 0.0006285070012381766, 0.0006122640006651636, 0.0006632840013480745, 0.0006003220005368348, 0.0006169899970700499, 0.0006080060011299793, 0.0005677930021192878, 0.00065308999910485, 0.0006372909992933273, 0.0005951229977654293, 0.0006708009968861006, 0.0006253069986996707, 0.0005762689979746938, 0.0005754230005550198, 0.0006644340028287843, 0.0005820400001539383, 0.0006440170000132639, 0.0006492189968412276, 0.0006305500028247479, 0.0006478409995906986, 0.0005567289990722202, 0.0005908240018470678, 0.000694153000949882, 0.0006173689980641939, 0.000651182999718003, 0.0006120420002844185, 0.0006188389997987542, 0.0006735599999956321, 0.0006388820002030116, 0.0006649719980487134, 0.0006222399970283732, 0.0005909909996262286, 0.000570995998714352, 0.0005980610003462061, 0.0006497360009234399, 0.0006612039978790563, 0.0005814979995193426, 0.0005767029979324434, 0.0005842899990966544, 0.0006511309984489344, 0.0006705380001221783, 0.0006002090012771077, 0.0007499489984184038, 0.0006126640000729822, 0.0006040289990778547, 0.0005952560022706166, 0.0005775790014013182, 0.0006209160019352566, 0.0006898620013089385, 0.0006199599993124139, 0.0006239479989744723, 0.0005560520003200509, 0.0005953370018687565, 0.0006582390014955308, 0.0006797140013077296, 0.000622283998382045, 0.0006583710019185673, 0.0006449809989135247, 0.0006328759991447441, 0.0006032010023773182, 0.0008558700028515887], "lsd_c_10_isolate_byte_nodisc": [0.0006982000013522338, 0.0007280669997271616, 0.0006812100000388455, 0.000726491998648271, 0.0006808770012867171, 0.0031804649988771416, 0.0007261270002345555, 0.0007232280004245695, 0.0006724339982611127, 0.0005559679993893951, 0.0008148230008373503, 0.0007886759995017201, 0.0005530939997697715, 0.0007212589989649132, 0.0007374570013780612, 0.000759662998461863, 0.0007488519986509345, 0.0006421129983209539, 0.0006981980004638899, 0.0005582630001299549, 0.00065758500204538, 0.001105726001696894, 0.0006880350010760594, 0.000723213997844141, 0.0007341720011027064, 0.0007490280004276428, 0.0007186660004663281, 0.0007112540006346535, 0.0006050619995221496, 0.0005350110004656017, 0.000647102999209892, 0.0007060000025376212, 0.0005781479994766414, 0.0006642869993811473, 0.0007011880006757565, 0.0007009689979895484, 0.0006908540017320774, 0.0007198259991127998, 0.0006450590008171275, 0.000762330000725342, 0.0007349099978455342, 0.0007168200027081184, 0.0006396930002665613, 0.0007986130003700964, 0.0006987519991525915, 0.0006497199974546675, 0.0007189790012489539, 0.0006344009998429101, 0.0006790480001654942, 0.0006775519977963995, 0.0007010260014794767, 0.0006906269991304725, 0.0007199229985417333, 0.000720233001629822, 0.0006712659996992443, 0.0007306340012291912, 0.0006754130008630455, 0.0007004979997873306, 0.0006700140002067201, 0.0007194329991762061, 0.002261517998704221, 0.0007040269993012771, 0.0007060219977574889, 0.0007253799994941801, 0.000714936999429483, 0.000680539000313729, 0.0005354050008463673, 0.0007094129978213459, 0.0007097769994288683, 0.0006934730008651968, 0.0007318739990296308, 0.0007394230015052017, 0.0006566190022567753, 0.001060466998751508, 0.0007417189990519546, 0.0007081510011630598, 0.0007444699986081105, 0.0007428270000673365, 0.0007220039988169447, 0.0005965879972791299, 0.0006731059984304011, 0.0007626469996466767, 0.0005450919998111203, 0.0005862819998583291, 0.0007461969980795402, 0.0007147120013542008, 0.000687138999637682, 0.0006465469996328466, 0.0007122390015865676, 0.0007471780008927453, 0.0007096650006133132, 0.0005606670019915327, 0.0007461239983967971, 0.0005844740007887594, 0.000735139001335483, 0.0006367150017467793, 0.0007197289996838663, 0.0007321570010390133, 0.000540102002560161, 0.000725191999663366]}}]}