{"radix_sort": [{"data_type": "Random", "data_size": "small", "rows": 100, "cols": 50000, "times": {"lsd_c_8_isolate_byte_nodisc": [0.0006630979987676255, 0.000780747999669984, 0.0006443359998229425, 0.0007477180006389972, 0.0007464580012310762, 0.003386352000234183, 0.0008002600006875582, 0.0007175600003392901, 0.0006486839993158355, 0.0006722680009261239, 0.0007364470002357848, 0.0006894159996591043, 0.0007216880003397819, 0.000726415997633012, 0.000616710000031162, 0.0006545329997607041, 0.0006565179974131752, 0.0007297529991774354, 0.0006609390002267901, 0.000743799999327166, 0.0007395110005745664, 0.0010826729994732887, 0.0006003449998388533, 0.000632609000604134, 0.000691553002980072, 0.0008021859975997359, 0.0008895850005501416, 0.0007937660011521075, 0.0006712620015605353, 0.0006830769998487085, 0.0006750850006937981, 0.000707343002432026, 0.0006884280010126531, 0.0007386069992207922, 0.0007606399994983803, 0.004110420002689352, 0.0006904080000822432, 0.0008011910031200387, 0.0006929990013304632, 0.0008302869973704219, 0.0007275759999174625, 0.0007789240007696208, 0.0007429039978887886, 0.0007351330023084302, 0.0007704370000283234, 0.0007069569983286783, 0.0007095520013535861, 0.0008394459982810076, 0.0007271329996001441, 0.0007920069983811118, 0.0007476920000044629, 0.0006363159991451539, 0.0006948509981157258, 0.0006738859992765356, 0.0006628910014114808, 0.0006756670009053778, 0.0007458859981852584, 0.0007264289997692686, 0.0007104370015440509, 0.0007574849987577181, 0.0005953809995844495, 0.0022833920011180453, 0.0006242470008146483, 0.0006533820014738012, 0.0006654979988525156, 0.000618046000454342, 0.000657738000882091, 0.0006911460004630499, 0.0005973240004095715, 0.0006168730033095926, 0.0006362319982144982, 0.0006442820013035089, 0.0006319739986793138, 0.0007488819974241778, 0.11487709999710205, 0.0007066420002956875, 0.0006227490011951886, 0.0006353080025292002, 0.0006258800021896604, 0.0006441619989345782, 0.0006492430002253968, 0.0006477339993580244, 0.0005897369992453605, 0.0006088760019338224, 0.0006316639992292039, 0.0007471709977835417, 0.0006120069992903154, 0.000732550000975607, 0.0006115280011727009, 0.0007421070004056673, 0.000703077999787638, 0.0007619410025654361, 0.0006130740002845414, 0.000636311000562273, 0.0006598430009034928, 0.0005995760002406314, 0.0006029989999660756, 0.0007892419998825062, 0.0006438300006266218, 0.0006634940000367351], "lsd_c_10_isolate_byte_nodisc": [0.0008185839978978038, 0.0006486849997600075, 0.000615032000496285, 0.0007519899991166312, 0.0006499830014945474, 0.0007633280001755338, 0.000858493000123417, 0.0007483510016754735, 0.0006667989982815925, 0.0008450240020465571, 0.0006972610026423354, 0.0008400010010518599, 0.0009006740001495928, 0.0008296000014524907, 0.0008126889988488983, 0.0008377849990210962, 0.0010625389986671507, 0.0008953239994298201, 0.0007346230013354216, 0.0007891019995440729, 0.0013220969995018095, 0.0007851590016798582, 0.0007845000000088476, 0.0006988980021560565, 0.0007161760004237294, 0.0008644590016047005, 0.0009205419992213137, 0.0008686780020070728, 0.0008295299994642846, 0.0008166730003722478, 0.0006554290011990815, 0.0006712190006510355, 0.0006781169977330137, 0.0006577570020454004, 0.0008286329975817353, 0.000901917002920527, 0.000824749000457814, 0.000707343002432026, 0.0006941319988982286, 0.0008824860015010927, 0.0006947619986021891, 0.0007957100024214014, 0.0008929720024752896, 0.0008305249975819606, 0.0007549820002168417, 0.0007960020011523739, 0.0007719499990344048, 0.0012176150012237485, 0.0005798630008939654, 0.0007965799995872658, 0.0008330909986398183, 0.0008106749992293771, 0.0008651660027680919, 0.000588917999266414, 0.0007825600005162414, 0.0007616029979544692, 0.0006030609984009061, 0.0007035499984340277, 0.000798397002654383, 0.0005810600014228839, 0.0007955789988045581, 0.0007514440003433265, 0.0008756930001254659, 0.0006759099996997975, 0.0007347239989030641, 0.0006374299991875887, 0.0007526679983129725, 0.0007671630010008812, 0.0008004829978744965, 0.0007415369982481934, 0.0006998050012043677, 0.0010945220019493718, 0.0007889090011303779, 0.0007398639972961973, 0.0006518910013255663, 0.0008154200004355516, 0.0008301390007545706, 0.000795955002104165, 0.0007293039998330642, 0.0007489650015486404, 0.0008099590013443958, 0.0008823669995763339, 0.0005936540001130197, 0.0007801159990776796, 0.0007654740002180915, 0.0008540439994249027, 0.0008365989997400902, 0.0007854889990994707, 0.0008214560002670623, 0.000643059000140056, 0.000802791997557506, 0.0008100340019154828, 0.000613203999819234, 0.000790699999924982, 0.0008519930015609134, 0.0007794070006639231, 0.0007918249975773506, 0.000607410998782143, 0.0008232760010287166, 0.0006996880001679529]}}]}