{"radix_sort": [{"data_type": "Random", "data_size": "small", "rows": 100, "cols": 50000, "times": {"lsd_c_8_isolate_byte_nodisc": [0.0006202830008987803, 0.0006177909999678377, 0.0007096310000633821, 0.0006511879983008839, 0.0006253819992707577, 0.0027894790000573266, 0.0006655060024058912, 0.0006618529987463262, 0.0006905920017743483, 0.0006591730016225483, 0.0007191340009740088, 0.0006451449989981484, 0.0006401620012184139, 0.0006519820017274469, 0.0006547919983859174, 0.0006907580027473159, 0.0006646229994657915, 0.0006705800005875062, 0.0006303289992501959, 0.0006141890007711481, 0.0006480610027210787, 0.0011923480014957022, 0.0006159610020404216, 0.0006528420017275494, 0.0006453809983213432, 0.0006267500029935036, 0.0006248899990168866, 0.000641795002593426, 0.0006210299980011769, 0.0006139569995866623, 0.0006810600025346503, 0.0006426450017897878, 0.000654267001664266, 0.0006047579990990926, 0.000641229999018833, 0.000652667000395013, 0.0006381279999914113, 0.0006339270003081765, 0.0007090850012900773, 0.000708032999682473, 0.0006992700000409968, 0.0006003009984851815, 0.000641116999759106, 0.0006525620010506827, 0.0006652480005868711, 0.0006523880001623183, 0.0006491839994851034, 0.000672385998768732, 0.1240265240012377, 0.0006003030030115042, 0.0006081989995436743, 0.0006509849990834482, 0.0006410179994418286, 0.0006195380010467488, 0.0006632829972659238, 0.0006385499982570764, 0.0006689029978588223, 0.0006884260001243092, 0.0006168729996716138, 0.0006627219991059974, 0.0020242140017217025, 0.000636885997664649, 0.0006175730013637803, 0.0006631389987887815, 0.0006340870022540912, 0.0006817939975007903, 0.0006205110003065784, 0.0006066019996069372, 0.0006473029970948119, 0.0006194279994815588, 0.0006284779992711265, 0.0006694680014334153, 0.0006989199973759241, 0.0011385739999241196, 0.0006493670007330365, 0.0006555129984917585, 0.0006466260019806214, 0.0006615899983444251, 0.0006543990020873025, 0.0006663429994659964, 0.0006502249998447951, 0.0006801669987908099, 0.000606073001108598, 0.0006058850012777839, 0.0006365310000546742, 0.0006546249969687779, 0.0006641420004598331, 0.0006162810022942722, 0.0006195360001584049, 0.00062483899819199, 0.0006423620034183841, 0.0006250689984881319, 0.0006160170014481992, 0.0006175740018079523, 0.0006160829980217386, 0.0006346139998640865, 0.0006755620015610475, 0.000617057998169912, 0.0006363330030580983, 0.0006110379981691949], "lsd_c_10_isolate_byte_nodisc": [0.0008304910006700084, 0.0008602000016253442, 0.0006611440003325697, 0.0007651539999642409, 0.0007691479986533523, 0.0007558639990747906, 0.0007487359980586916, 0.0007999750014278106, 0.0008609530013927724, 0.0006584660004591569, 0.0008150850007950794, 0.0008717689997865818, 0.0009030489964061417, 0.0007270479982253164, 0.0008003609982552007, 0.000643399002001388, 0.000857544997415971, 0.0008045499998843297, 0.0006213169981492683, 0.0007534530013799667, 0.0011913340022147167, 0.0007441689995175693, 0.0007827680019545369, 0.0007771150012558792, 0.0008556399989174679, 0.0008853540020936634, 0.0008174860013241414, 0.0008794780005700886, 0.0006473850007751025, 0.0005923019998590462, 0.0007460829983756412, 0.0008125659987854306, 0.0008249599995906465, 0.0008251589970313944, 0.0008439140001428314, 0.000790658999903826, 0.0008554269988962915, 0.0007940050018078182, 0.0006311899996944703, 0.0008475430004182272, 0.000886744001036277, 0.0007849640023778193, 0.0008013120022951625, 0.0006894510006532073, 0.0008926230002543889, 0.0008317310021084268, 0.0008719389988982584, 0.0008404000000155065, 0.0011747610005841125, 0.000733883000066271, 0.0008089439979812596, 0.0007803230000718031, 0.000675090999720851, 0.0007270159985637292, 0.0009669989995018113, 0.0008786969992797822, 0.0008397640012844931, 0.000744680997740943, 0.0007782360007695388, 0.0008018130029086024, 0.0008527659992978442, 0.0006709289991704281, 0.0006133310016593896, 0.0008028400006878655, 0.0008973570002126507, 0.0006956170000194106, 0.0006723689984937664, 0.0007250349990499672, 0.0006163170000945684, 0.0007747010022285394, 0.0008268679994216654, 0.0008599989996582735, 0.0009299350022047292, 0.0008009519988263492, 0.0007629190004081465, 0.0008075959995039739, 0.0007661500021640677, 0.000834395999845583, 0.000770684997405624, 0.0007484730012947693, 0.0008363810011360329, 0.0007993990002432838, 0.0008253409978351556, 0.000756609999370994, 0.0008701000006112736, 0.0007971519989951048, 0.0006450350010709371, 0.0008098229991446715, 0.0008337810031662229, 0.0008157349984685425, 0.000913329997274559, 0.0007044740013952833, 0.0008912400007830001, 0.0008059840001806151, 0.0006318490013654809, 0.0008126510001602583, 0.0007571480018668808, 0.0008068570023169741, 0.0007389059974229895, 0.0008664099987072404]}}]}