{"radix_sort": [{"data_type": "Random", "data_size": "small", "rows": 100, "cols": 50000, "times": {"lsd_c_8_isolate_byte_nodisc": [0.0006996570009505376, 0.0006419820019800682, 0.0006404710002243519, 0.0006524269992951304, 0.000646909000352025, 0.004830671998206526, 0.0006986199987295549, 0.0007416030020976905, 0.0006281300011323765, 0.0006438500022341032, 0.0006439579992729705, 0.0007236500023282133, 0.0006737580006301869, 0.0007263229999807663, 0.0007209760005935095, 0.0006600460001209285, 0.0006382230021699797, 0.0007177690022217575, 0.0006889590003993362, 0.0006606110000575427, 0.0006276559979596641, 0.0009274859985453077, 0.0006396169992513023, 0.0006516779976664111, 0.0006648150010732934, 0.0006867330012028106, 0.0006884239992359653, 0.0007833669988031033, 0.0006806670025980566, 0.0007332889981626067, 0.0006915279991517309, 0.0006551629994646646, 0.0006473789981100708, 0.000692244000674691, 0.0006725979983457364, 0.0035808600005111657, 0.000707389997842256, 0.0006468979991041124, 0.0006470119988080114, 0.000687404000927927, 0.000658693999866955, 0.0007426219999615569, 0.0007154949998948723, 0.0006838400004198775, 0.0006266969976422843, 0.0006385849992511794, 0.0006629050003539305, 0.0007339290023082867, 0.0006889100004627835, 0.0006625940004596487, 0.0006106190012360457, 0.0006828139994468074, 0.0006505359997390769, 0.0006471400010923389, 0.0006179239971970674, 0.0006762760021956638, 0.000702353998349281, 0.000707113002135884, 0.0006330739997792989, 0.0006373460018949118, 0.0006839829984528478, 0.0006760680007573683, 0.0006500880008388776, 0.0006794349974370562, 0.0006749610001861583, 0.0006614619996980764, 0.0006017199993948452, 0.0007134520019462798, 0.0006974860007176176, 0.0007444729999406263, 0.0006632789991272148, 0.0006545340002048761, 0.0006642170010309201, 0.0006571019985130988, 0.0008025559982343111, 0.0006062140018912032, 0.0006486509992100764, 0.0006165900013002101, 0.000666739000735106, 0.0006506919999083038, 0.0006199630006449297, 0.0006867049996799324, 0.0006474200017692056, 0.0006757260016456712, 0.0006287219985097181, 0.0006875290018797386, 0.0006184420017234515, 0.0006704369989165571, 0.000622546998783946, 0.0006387139983417001, 0.0006567190030182246, 0.0007181170003605075, 0.0006108890011091717, 0.0007122719980543479, 0.0006701470010739285, 0.0007069139974191785, 0.0006286469979386311, 0.000655259002087405, 0.0006169179978314787, 0.0008953850010584574], "lsd_c_10_isolate_byte_nodisc": [0.0007812329968146514, 0.0005792219999420922, 0.0008085510016826447, 0.0007991940001375042, 0.0006548849996761419, 0.0030458239998552017, 0.0008443120023002848, 0.0008238669979618862, 0.0008302229980472475, 0.0006819230002292898, 0.0007170580029196572, 0.0006857490006950684, 0.0007587149993923958, 0.0006958119993214495, 0.0007585160019516479, 0.0007483529989258386, 0.0005883359990548342, 0.0006988799977989402, 0.0005899229981878307, 0.0007731039986538235, 0.000576103000639705, 0.0011984840020886622, 0.0008045210015552584, 0.000673790000291774, 0.0006463589998020325, 0.0007503460001316853, 0.000742386000638362, 0.0007691339997109026, 0.0007753360005153809, 0.000812320999102667, 0.0006803319993196055, 0.0006918020008015446, 0.0007581159989058506, 0.0007282109982043039, 0.0007868769971537404, 0.003520149999530986, 0.0005788110029243398, 0.0006736710020049941, 0.0008170609980879817, 0.0008269509999081492, 0.0008178029966074973, 0.0007785620000504423, 0.0007743530004518107, 0.0005750560012529604, 0.0007845289983379189, 0.0006340670006466098, 0.0005858370022906456, 0.0005919360010011587, 0.000787685999966925, 0.0005861320023541339, 0.0007061209980747662, 0.0007620199976372533, 0.0006539440000778995, 0.0007910860003903508, 0.0008005499985301867, 0.0006569129982381128, 0.0007776660022500437, 0.000824139999167528, 0.0007730600009381305, 0.0008131060021696612, 0.0008251910003309604, 0.0022463929999503307, 0.0007888209984230343, 0.0006111670008976944, 0.0007451759993273299, 0.0007924009987618774, 0.0007516400000895374, 0.0007787860013195314, 0.0008148369997798, 0.0008788289997028187, 0.0006007760021020658, 0.0006962289990042336, 0.0005963629992038477, 0.0006058779981685802, 0.10476905900213751, 0.0007972829989739694, 0.000803514998551691, 0.0007329340005526319, 0.0005870189997949637, 0.0007479449996026233, 0.0007914090019767173, 0.0007836389995645732, 0.0006965489992580842, 0.0007473090008716099, 0.0007883320031396579, 0.0006432299996959046, 0.0005855979979969561, 0.0006079699996917043, 0.0007404710013361182, 0.0007995440028025769, 0.0006965369975659996, 0.0007299930002773181, 0.0008362769985978957, 0.0009029849970829673, 0.0009028899985423777, 0.0008136010001180694, 0.0007284499988600146, 0.0009371779997309204, 0.0007838279998395592, 0.000665291998302564]}}]}