{"radix_sort": [{"data_type": "Random", "data_size": "small", "rows": 100, "cols": 50000, "times": {"lsd_c_8_isolate_byte_nodisc": [0.0007489609997719526, 0.0006301120010903105, 0.0006789350009057671, 0.0006220930008566938, 0.0006194680026965216, 0.0033812949986895546, 0.0006587239986401983, 0.000993741999991471, 0.0007504200002586003, 0.0006285399977059569, 0.00063039800079423, 0.0007361449970630929, 0.0006872150006529409, 0.0006167699975776486, 0.000700060001690872, 0.0006216579968167935, 0.000648586999886902, 0.0007158549997257069, 0.0006918019971635658, 0.0006217850022949278, 0.0006476039998233318, 0.0011339990014676005, 0.0005856499992660247, 0.0006556539992743637, 0.0006874630016682204, 0.0006348330025502946, 0.0007169839991547633, 0.0006990410001890268, 0.0007123530012904666, 0.0006345799993141554, 0.0006411389986169524, 0.0006249430007301271, 0.0007126870004867669, 0.0007495489990105852, 0.000680421002471121, 0.0006529429992951918, 0.0006214000022737309, 0.0006521559989778325, 0.0006358709979394916, 0.0006694789990433492, 0.0007519210012105759, 0.0007146390016714577, 0.000697280000167666, 0.0006232410014490597, 0.000678827000228921, 0.0006031909979355987, 0.0008537759968021419, 0.0006890410004416481, 0.12158128800001577, 0.0006622220025747083, 0.0006253930005186703, 0.0006265339980018325, 0.0006431449983210769, 0.0006230889994185418, 0.0007823350024409592, 0.0006941840001672972, 0.000651525999273872, 0.0007355490015470423, 0.0006409429988707416, 0.000701936998666497, 0.002287601000716677, 0.0006280540001171175, 0.0006222610027180053, 0.0006287979995249771, 0.0006286390016612131, 0.0006818340007157531, 0.0007392709994746838, 0.0006956160032132175, 0.0006275630003074184, 0.000641269998595817, 0.0006513599983009044, 0.0006361469968396705, 0.0006756650000170339, 0.0009861619982984848, 0.0006560709989571478, 0.0006286979987635277, 0.0005971069986117072, 0.0006669059985142667, 0.0006556680018547922, 0.0007430180012306664, 0.0006444659993576352, 0.0006546350014104974, 0.0007320230033656117, 0.0007677419998799451, 0.0006428429987863638, 0.0006865120012662373, 0.0006383250001817942, 0.0007217890015454032, 0.0006085589993745089, 0.0007000110017543193, 0.0006197570000949781, 0.0007018690012046136, 0.0006475270020018797, 0.0006481119999079965, 0.0006472640015999787, 0.0006889489995955955, 0.0007773420002195053, 0.0006061869971745182, 0.0006286809984885622, 0.0006511680003313813], "lsd_c_10_isolate_byte_nodisc": [0.0008709829999133945, 0.0009009589994093403, 0.0009453339989704546, 0.0010928910014627036, 0.0008982330000435468, 0.0006691260023217183, 0.0006903670000610873, 0.0007740110013401136, 0.0007822620027582161, 0.0007622450029884931, 0.0008040559987421148, 0.0010165250023419503, 0.0008491510016028769, 0.0008070460025919601, 0.0008693689997016918, 0.0011194489998160861, 0.0008618370011390653, 0.0008594140017521568, 0.0008099799997580703, 0.0006412700022337958, 0.0012876379987574182, 0.0007771410018904135, 0.0007692449980822857, 0.0008468529995298013, 0.0007889490007073618, 0.0008913780002330896, 0.0008263790005003102, 0.0007809109993104357, 0.0007917139992059674, 0.0007992829996510409, 0.0007781499989505392, 0.0006182180004543625, 0.0007698209992668126, 0.0006200200004968792, 0.0008318520012835506, 0.0008436540010734461, 0.0007807639995007776, 0.0008116770004562568, 0.0008311409983434714, 0.000792566999734845, 0.0008490190011798404, 0.0008373769996978808, 0.0008125009990180843, 0.0008683090018166695, 0.0007519729988416657, 0.00069903300027363, 0.0006776349982828833, 0.0006362439999065828, 0.0009473719983361661, 0.0008010500023374334, 0.0007929660023364704, 0.0007669740007258952, 0.0008102609972411301, 0.0008217679969675373, 0.0008976070021162741, 0.0008492929991916753, 0.000627159999567084, 0.0008021790017664898, 0.0008832450002955738, 0.0007530539987783413, 0.0007951400002639275, 0.0006188219995237887, 0.0006401559985533822, 0.0009414020023541525, 0.000751428997318726, 0.0009033479982463177, 0.0007853280003473628, 0.0007439319997502025, 0.0007801110004947986, 0.0007719800014456268, 0.0007742910020169802, 0.0011410179977247026, 0.0011733499995898455, 0.0008170969995262567, 0.0008475569993606769, 0.0006974709976930171, 0.0006341039988910779, 0.0007836350014258642, 0.0007539749967691023, 0.0008661470019433182, 0.0008157770025718492, 0.0008443759979854804, 0.0007418669993057847, 0.0008668580012454186, 0.0008780440002738032, 0.0007992549981281627, 0.0008010599995031953, 0.0008287950004159939, 0.0008572309998271521, 0.000858145001984667, 0.0011189120014023501, 0.0006587800016859546, 0.0008523299984517507, 0.000725611000234494, 0.0007803830012562685, 0.0009513840013823938, 0.00085422399934032, 0.0006228829988685902, 0.0007422629969369154, 0.000806143998488551]}}]}