{"radix_sort": [{"data_type": "Random", "data_size": "small", "rows": 100, "cols": 50000, "times": {"lsd_c_8_isolate_byte_nodisc": [0.0008479969983454794, 0.0008249659986176994, 0.000763964002544526, 0.0007135069972719066, 0.0007180030006566085, 0.0036654079995059874, 0.0007601939978485461, 0.0007393870000669267, 0.0007338950017583556, 0.0007512390002375469, 0.000748413000110304, 0.0008098270009213593, 0.000664214003336383, 0.0006963790001464076, 0.0006746429971826728, 0.0006423830018320587, 0.0006766540027456358, 0.0006876129991724156, 0.0006639909988734871, 0.0006799080001655966, 0.0006585950031876564, 0.0011041830002795905, 0.0006076339996070601, 0.0006360850020428188, 0.0006976680015213788, 0.0006451029985328205, 0.0006767539998691063, 0.0007037060022412334, 0.0006825160016887821, 0.0006405560015991796, 0.000618275000306312, 0.0006291460013017058, 0.0006718300028296653, 0.0006757739975000732, 0.000652020000416087, 0.003292134999355767, 0.000608706999628339, 0.0006400750025932211, 0.000726869999198243, 0.0007602119985676836, 0.0006171899985929485, 0.0007223469983728137, 0.000705436003045179, 0.0006267899989325088, 0.0006587770003534388, 0.0006436730000132229, 0.000632961997325765, 0.000733922999643255, 0.0006422049991670065, 0.0006502360010927077, 0.0006236549997993279, 0.000645539999823086, 0.0006095909993746318, 0.0005921719966863748, 0.0006077270008972846, 0.000647479002509499, 0.0006765079997421708, 0.0006471669985330664, 0.0006775530018785503, 0.0006520380011352245, 0.0006739620002917945, 0.0022915450026630424, 0.000677300999086583, 0.0006777309972676449, 0.0006535680004162714, 0.0006396770004357677, 0.0007150029996410012, 0.0007132749997253995, 0.0007023210018815007, 0.000649923000310082, 0.0006511629981105216, 0.0006795120025344659, 0.0006252950006455649, 0.0006842939983471297, 0.10619016400232795, 0.0006056509992049541, 0.0006286900024861097, 0.0006021939989295788, 0.0006435139985114802, 0.0006662570012849756, 0.0006964130006963387, 0.0007180809989222325, 0.0006554259998665657, 0.0006229779974091798, 0.0006010530014464166, 0.000674404000164941, 0.0007500070023525041, 0.0008501840020471718, 0.0006852119986433536, 0.0007021719975455198, 0.0006388360015989747, 0.0006433730013668537, 0.0006122229970060289, 0.0006261119997361675, 0.0006108180023147725, 0.0006034669968357775, 0.0006420720019377768, 0.0006316829967545345, 0.0006142109996289946, 0.0006659560021944344], "lsd_c_10_isolate_byte_nodisc": [0.0008588640012021642, 0.0008345159985765349, 0.0007385719982266892, 0.0008128749977913685, 0.0007964719989104196, 0.0009166579984594136, 0.0008601760018791538, 0.0007363750009972136, 0.0006926930000190623, 0.0008306759991683066, 0.000812621001387015, 0.0009157509994111024, 0.0008728869979677256, 0.000814682000054745, 0.0005932630010647699, 0.0007953759995871224, 0.0008805100005702116, 0.0008234139968408272, 0.0007909809974080417, 0.0008728639986657072, 0.0012386589987727348, 0.0007871570014685858, 0.0007421099981002044, 0.0005760860003647394, 0.0007399770001939032, 0.0007787159993313253, 0.0008730779991310555, 0.0007791730022290722, 0.0008232110012613703, 0.0007728460004727822, 0.0006592999998247251, 0.0006556769985763822, 0.0008585780014982447, 0.000817960000858875, 0.0006586250019608997, 0.0006666999979643151, 0.0008353019984497223, 0.0007729749995633028, 0.00063154300005408, 0.0007951410007080995, 0.0006790320003347006, 0.0007589599990751594, 0.0007394469976134133, 0.0006428140004572924, 0.0006057330028852448, 0.0007794160010234918, 0.0009064639998541679, 0.0007343969991779886, 0.0011452469989308156, 0.0006972330011194572, 0.0007913429981272202, 0.0008099830010905862, 0.0006251009981497191, 0.0005809870017401408, 0.0008374349999940023, 0.0008530720006092452, 0.0008025290007935837, 0.0008249979982792865, 0.0006535600005008746, 0.0007794199991622008, 0.0006242320014280267, 0.0006259600013436284, 0.0008390100010728929, 0.0006212350017449353, 0.0008138269986375235, 0.0006890600016049575, 0.0009195130005537067, 0.0008491990010952577, 0.0008255299981101416, 0.0006162370009406004, 0.0005951800012553576, 0.0008574499988753814, 0.0011486029980005696, 0.0007925659992906731, 0.000784292999014724, 0.0007195629987108987, 0.0007902700017439201, 0.0007474550002370961, 0.0009159799992630724, 0.000724627996532945, 0.0009017630000016652, 0.0008230420025938656, 0.0008016949977900367, 0.0007619259995408356, 0.000828785003250232, 0.0008341949978785124, 0.0007509079987357836, 0.0008191730012185872, 0.0008044169990171213, 0.0007584839986520819, 0.0008900139982870314, 0.0008581030015193392, 0.0008449359993392136, 0.0007650709994777571, 0.0007671460007259157, 0.0009441709989914671, 0.0007967950004967861, 0.0006632440017710906, 0.0007704900017415639, 0.0007058819974190556]}}]}