{"radix_sort": [{"data_type": "Random", "data_size": "small", "rows": 100, "cols": 50000, "times": {"lsd_c_8_isolate_byte_nodisc": [0.0007127060016500764, 0.0007426359989040066, 0.0006270399971981533, 0.0006594420010515023, 0.0006471269989560824, 0.0032022820014390163, 0.0006921390013303608, 0.0006228610000107437, 0.0006487200007541105, 0.0007117800014384557, 0.0007014940019871574, 0.0006945200002519414, 0.0006782739983464126, 0.0006376759993145242, 0.000679320000926964, 0.0006774220018996857, 0.0006574230028491002, 0.0006754659989383072, 0.0006853679988125805, 0.0006550569996761624, 0.0006269999976211693, 0.0010722510014602449, 0.0006616159989789594, 0.0006264380026550498, 0.000632721003057668, 0.0006603129986615386, 0.0006664520005870145, 0.0007309329994313885, 0.0006870390025142115, 0.0006321059991023503, 0.0006407720029528718, 0.0006624599991482683, 0.000744566998037044, 0.0006780860021535773, 0.0006585339979210403, 0.003383077000762569, 0.0006924619992787484, 0.0006349940013024025, 0.0006212230000528507, 0.0006922339998709504, 0.0006982579980103765, 0.0007520260005549062, 0.0006766160004190169, 0.0006367959977069404, 0.0006368609974742867, 0.000677223000820959, 0.0006448189997172449, 0.0006777399976272136, 0.000807510001322953, 0.0006742760015185922, 0.0006333950004773214, 0.0006563770002685487, 0.0006086629982746672, 0.0006159290023788344, 0.0006524260024889372, 0.0006190780004544649, 0.0006712430003972258, 0.0007127369972295128, 0.0006074410011933651, 0.0006493879991467111, 0.0006525780008814763, 0.0021395240000856575, 0.0006022419984219596, 0.0006411279973690398, 0.0006151210000098217, 0.0006738140000379644, 0.0006787279999116436, 0.000735259000066435, 0.0006328759991447441, 0.0006722460020682774, 0.0006082690015318803, 0.0006286310017458163, 0.000638707002508454, 0.0007178250016295351, 0.10328941800253233, 0.0006139930010249373, 0.00063432500246563, 0.0006483700017270166, 0.0006000260000291746, 0.0006664100001216866, 0.0007938290000311099, 0.0006537439985550009, 0.0006499209994217381, 0.0006084759988880251, 0.0006320909997157287, 0.0006150020017230418, 0.0006625759997405112, 0.0006508820006274618, 0.0006235139990167227, 0.0007243130021379329, 0.0006579420005436987, 0.0006457330018747598, 0.000698349998856429, 0.0006495029992947821, 0.000634862000879366, 0.0007168689990066923, 0.0006704630031890702, 0.0007509520000894554, 0.0006390390008164104, 0.0006817709981987718], "lsd_c_10_isolate_byte_nodisc": [0.0007219779981824104, 0.0007024920014373492, 0.0006321360015135724, 0.0006857930020487402, 0.0008289100005640648, 0.0008145079991663806, 0.0006839919988124166, 0.0007814279997546691, 0.000741850002668798, 0.000840993998281192, 0.0008150549983838573, 0.0007795679994160309, 0.0007566859967482742, 0.0007553139985247981, 0.0007837189987185411, 0.000710627999069402, 0.0007109940015652683, 0.0006788669998059049, 0.0007341300006373785, 0.0008114249976642895, 0.0012850710008933675, 0.0007801709980412852, 0.0006109870009822771, 0.0006278590008150786, 0.0007674119988223538, 0.0007847680026316084, 0.0007799550003255717, 0.0008047929986787494, 0.0008176939991244581, 0.0007382000003417488, 0.0008733100003155414, 0.0008213270011765417, 0.0006532379993586801, 0.0008310209996125195, 0.0006577120002475567, 0.0007954640022944659, 0.0006564649993379135, 0.0008540609996998683, 0.0007997499997145496, 0.0007558700017398223, 0.0007292390000657178, 0.0008131650029099546, 0.0007682459981879219, 0.0008351210017281119, 0.00082779600052163, 0.0008620510016044136, 0.0008796330002951436, 0.0008399149992328603, 0.001072064998879796, 0.0007212999989860691, 0.0007273480005096644, 0.0007150130004447419, 0.0008011530007934198, 0.0007411749975290149, 0.000915118998818798, 0.0008470379980280995, 0.0008735379997233395, 0.0006087379988457542, 0.0007419260000460781, 0.000797791999502806, 0.0006214540007931646, 0.0008102499996311963, 0.0007406840013572946, 0.0008317359970533289, 0.0007889879998401739, 0.000818342999991728, 0.0009197170002153143, 0.0006415069983631838, 0.0008575210013077594, 0.0008958429971244186, 0.0006585320006706752, 0.0009437869994144421, 0.0011453100014477968, 0.0007950989966047928, 0.0007530699986091349, 0.0007706760006840341, 0.0008538519978174008, 0.0008149839995894581, 0.0008477260016661603, 0.0007965299992065411, 0.0007752099991193973, 0.0005961159986327402, 0.0007407600023725536, 0.0008130099995469209, 0.0008659699997224379, 0.000620411999989301, 0.0008371389994863421, 0.0006741610013705213, 0.0007082730007823557, 0.0006839880006737076, 0.0009315040006185882, 0.0008266040022135712, 0.000771290000557201, 0.0007456469975295477, 0.0008121419996314216, 0.0009213199991791043, 0.0007152309990487993, 0.0007743499991192948, 0.0005996250001771841, 0.0006252499988477211]}}]}