{"radix_sort": [{"data_type": "Random", "data_size": "small", "rows": 100, "cols": 50000, "times": {"lsd_c_8_isolate_byte_nodisc": [0.0007578500008094124, 0.0006650599971180782, 0.000711204997060122, 0.0006370929986587726, 0.0007693810002820101, 0.0033780070007196628, 0.0006786490012018476, 0.000675243998557562, 0.0006219040005817078, 0.0006545010000991169, 0.0006355980003718287, 0.0007906089995231014, 0.0006700710000586696, 0.0006929659975867253, 0.0006566570009454153, 0.0007610470020154025, 0.0007153690021368675, 0.0007138539986044634, 0.0006649979986832477, 0.0007167469993873965, 0.0007012550013314467, 0.001112478999857558, 0.0005965839991404209, 0.0008541770002921112, 0.0007454839978890959, 0.0006783380013075657, 0.0006965760003367905, 0.0007428569988405798, 0.0006993210008658934, 0.0007334760011872277, 0.0006940519997442607, 0.0006513270018331241, 0.0007187570008682087, 0.00068736699904548, 0.0006667210000159685, 0.0041873279988067225, 0.0006913249999342952, 0.0007097239977156278, 0.0006635999998252373, 0.0006786199992347974, 0.0006879980028315913, 0.0008088960021268576, 0.0007165480019466486, 0.0006738140000379644, 0.0007052699984342325, 0.0007199460014817305, 0.0007494830024370458, 0.0007153680016926955, 0.0007262929975695442, 0.0006406680004147347, 0.000652213999273954, 0.0006654770004388411, 0.0007593049995193724, 0.0006282119975367095, 0.0007008600005065091, 0.0006699559999105986, 0.0007201509979495313, 0.0006628489973081741, 0.0006651210023846943, 0.0006262399983825162, 0.0006571589983650483, 0.003185331999702612, 0.0006731809990014881, 0.0007219799990707543, 0.0007481920001737308, 0.000671465000777971, 0.0006599040025321301, 0.0007575259987788741, 0.0006794580003770534, 0.0007555989977845456, 0.000630595997790806, 0.0006309650016191881, 0.0006936669997230638, 0.0007044370031508151, 0.1067338729990297, 0.0006593300022359472, 0.0006676310003967956, 0.0006244019969017245, 0.0006537739973282441, 0.0006188750012370292, 0.0007966999983182177, 0.0006683130013698246, 0.0006296540013863705, 0.000609771999734221, 0.0006536310029332526, 0.0006446539991884492, 0.0006007190022501163, 0.0006325040012598038, 0.0006244620017241687, 0.0006126970001787413, 0.0006417219992727041, 0.000630593000096269, 0.0006121079968579579, 0.0006206699981703423, 0.0006052919998182915, 0.0006760659998690244, 0.0006211280015122611, 0.0006044090005161706, 0.0006278130022110417, 0.000608631999057252], "lsd_c_10_isolate_byte_nodisc": [0.0006594340011361055, 0.0008126130014716182, 0.0008031840006879065, 0.0006395009986590594, 0.0007785429988871329, 0.0008373519995075185, 0.0006226830009836704, 0.0007833149975340348, 0.0006187139988469426, 0.000661750997096533, 0.0007073800006764941, 0.000812278001831146, 0.0006700990015815478, 0.0006330569995043334, 0.0008299979999719653, 0.0007616580005560536, 0.0008095630000752863, 0.000760875002015382, 0.0008524069999111816, 0.0008049099997151643, 0.0012879589994554408, 0.0007731859986961354, 0.0007495259997085668, 0.0007706530013820156, 0.0007499780003854539, 0.0007068220002111048, 0.0008228200022131205, 0.000886822999746073, 0.0008171549998223782, 0.0006974409989197738, 0.0008281730006274302, 0.0008400650003750343, 0.0008962129977589939, 0.0007261669998115394, 0.000789136000094004, 0.0008157499978551641, 0.0007982759998412803, 0.0007975869993970264, 0.0007919640011095908, 0.0008686270011821762, 0.0006939939994481392, 0.0008600339970143978, 0.0008047889969020616, 0.0008158480013662484, 0.0007166979994508438, 0.0008249079983215779, 0.000894982000318123, 0.0008689530004630797, 0.0011053189991798718, 0.0006342950000544079, 0.0008012519974727184, 0.0008045880022109486, 0.0007333630019275006, 0.0006302059991867281, 0.0009242099986295216, 0.0007713390004937537, 0.0008239890012191609, 0.0006693659997836221, 0.0008293069986393675, 0.0007231010022223927, 0.0008045619979384355, 0.0007972339990374167, 0.0008233289991039783, 0.0006758720010111574, 0.0007927010010462254, 0.0007312439993256703, 0.0007599569980811793, 0.0006758989984518848, 0.000720043000910664, 0.0007441140005539637, 0.0008549449994461611, 0.0008163689999491908, 0.001095923002139898, 0.0007633940003870521, 0.000624340998911066, 0.0006171820023155306, 0.0007458469990524463, 0.0008430809975834563, 0.000635240001429338, 0.0008180840013665147, 0.0007856100019125734, 0.0008348470000782982, 0.0007317459967453033, 0.000633562001894461, 0.0007884160004323348, 0.0007810690003680065, 0.0008043919988267589, 0.0006262659990170505, 0.0006072039977880195, 0.0008176459996320773, 0.0010310210018360522, 0.0006190060012158938, 0.0008292219972645398, 0.0007837679986550938, 0.0008714049981790595, 0.0008449130000371952, 0.0007643050012120511, 0.0005774710007244721, 0.000741664000088349, 0.0008021209978323895]}}]}