{"radix_sort": [{"data_type": "Random", "data_size": "small", "rows": 100, "cols": 50000, "times": {"lsd_c_8_isolate_byte_nodisc": [0.000678141997923376, 0.0006582830028492026, 0.0006441879995691124, 0.0006518400005006697, 0.0006381140010489617, 0.0031970820018614177, 0.0007035580019874033, 0.0007065909994707908, 0.0006792100029997528, 0.0006410309979401063, 0.0006192360015120357, 0.0007255620002979413, 0.0006976889999350533, 0.0006918889994267374, 0.0006516550020023715, 0.0006650169998465572, 0.0006639710009039845, 0.0007119289984984789, 0.0006732709989591967, 0.0006321769978967495, 0.000696978997439146, 0.1474100310006179, 0.0006025180009601172, 0.0006441129989980254, 0.000588230999710504, 0.0006263449977268465, 0.0006415610005205963, 0.0007207849994301796, 0.0006933469994692132, 0.0006342380002024584, 0.0006147569984022994, 0.0006536760010931175, 0.0006942020008864347, 0.00070719200084568, 0.0006791740015614778, 0.003461391999735497, 0.0006407900000340305, 0.0007068869999784511, 0.0006138339995231945, 0.0006887449999339879, 0.0007555559968750458, 0.0007395809989247937, 0.0006770689979020972, 0.0006433420021494385, 0.0006362280000757892, 0.0006582460009667557, 0.0006765120015188586, 0.0007100609982444439, 0.000643745999695966, 0.0006621440006711055, 0.0006564629984495696, 0.0006408219996956177, 0.0006259460024011787, 0.0006708469991281163, 0.0006804089971410576, 0.0006518160007544793, 0.0006834369996795431, 0.0006625059977523051, 0.0006153380018076859, 0.0006343059976643417, 0.0006385810011124704, 0.0006218169983185362, 0.0006915160010976251, 0.0006432570007746108, 0.0006717709984513931, 0.0006432530026359018, 0.000629558002401609, 0.0006904080000822432, 0.0006675229997199494, 0.0007220009974844288, 0.0006715109993820079, 0.0006212130028870888, 0.0006696900018141605, 0.0006235510008991696, 0.0006898199972056318, 0.000650566002150299, 0.0006439800017687958, 0.0006413379996956792, 0.0006140019977465272, 0.0006143319988041185, 0.0006843420014774892, 0.0007038610019662883, 0.0006650299983448349, 0.00071684399881633, 0.0007039259980956558, 0.0006385939996107481, 0.0006274789993767627, 0.0007617179981025402, 0.0007304770006157923, 0.0006535969987453427, 0.0006571890007762704, 0.0006780549992981832, 0.0006622059991059359, 0.0006880099972477183, 0.0006791060004616156, 0.0006930210001883097, 0.0006536770015372895, 0.0006830570018792059, 0.0006290700002864469, 0.0009227529990312178], "lsd_c_10_isolate_byte_nodisc": [0.0009087350008485373, 0.0008190059998014476, 0.0007234330005303491, 0.0007605840000906028, 0.000768655001593288, 0.003195395998773165, 0.0009074039990082383, 0.0007965340009832289, 0.000849877000291599, 0.0007621349977853242, 0.0008318569998664316, 0.000889074999577133, 0.0007605239989061374, 0.0008400809965678491, 0.0007404399984807242, 0.000753562999307178, 0.0007893209985923022, 0.0008518890026607551, 0.0008227409998653457, 0.0008273269995697774, 0.0006145100014691707, 0.0012527680009952746, 0.0007812139992893208, 0.000688773001456866, 0.000719052000931697, 0.0008149610002874397, 0.0006705039995722473, 0.0007201230000646319, 0.0006748339983460028, 0.0007718249980825931, 0.0008214370027417317, 0.000774267999076983, 0.000670852001348976, 0.0008612870005890727, 0.0008431759997620247, 0.0007909220003057271, 0.0008066469999903347, 0.0007880199991632253, 0.0007788670009176712, 0.0008673569973325357, 0.000898074998985976, 0.0007537680030509364, 0.0008745890008867718, 0.0008126159991661552, 0.0008629389994894154, 0.0007525900000473484, 0.0009028630011016503, 0.000833174999570474, 0.0008534099979442544, 0.0007994449988473207, 0.0007011139969108626, 0.0008395149998250417, 0.0005885760001547169, 0.0008167970008798875, 0.0007976599990797695, 0.0008758349977142643, 0.0008229289996961597, 0.0008555070016882382, 0.0005976969987386838, 0.0008227629987231921, 0.0025902220004354604, 0.0006369410002662335, 0.0008466330000374, 0.0006247370001801755, 0.0006770069994672667, 0.0006450520013459027, 0.0007832320006855298, 0.0008763529986026697, 0.0006393180010491051, 0.0008364259992958978, 0.000709711999661522, 0.0008240749994001817, 0.0008174520007742103, 0.0010576560016488656, 0.0005800459985039197, 0.0010177850017498713, 0.0008153760027198587, 0.0007894609989307355, 0.0007921590004116297, 0.0008215579982788768, 0.0008687680019647814, 0.0008570659992983565, 0.0008329240008606575, 0.0006147400017653126, 0.0007591530011268333, 0.0008717040000192355, 0.0006616380014747847, 0.0007553309987997636, 0.0007680220005568117, 0.0006523619995277841, 0.0007957039997563697, 0.0007934140012366697, 0.0008157230004144367, 0.0008090459996310528, 0.0007811290015524719, 0.0008422850005445071, 0.0007947930025693495, 0.0007834259995433968, 0.0006719459997839294, 0.0006282590002228972]}}]}