{"radix_sort": [{"data_type": "Random", "data_size": "small", "rows": 100, "cols": 50000, "times": {"lsd_c_8_isolate_byte_nodisc": [0.0007114040017768275, 0.0007297170013771392, 0.0006518910013255663, 0.0006391819988493808, 0.0006411969989130739, 0.0028702740019070916, 0.0007280210011231247, 0.0007159119995776564, 0.0006164879996504169, 0.0006274339975789189, 0.0006540920003317297, 0.0007554900003015064, 0.0006852580008853693, 0.0006903239991515875, 0.0006504720004159026, 0.0006897019993630238, 0.0006404179985111114, 0.0007505080029659439, 0.0006839909983682446, 0.0006985990003158804, 0.0006268289980653208, 0.1502973539973027, 0.0006400370002666023, 0.000633106999885058, 0.0006164219994388986, 0.0006310330027190503, 0.0006709469998895656, 0.0007805870009178761, 0.0006968769994273316, 0.0006570820005435962, 0.0006781260017305613, 0.0006597030005650595, 0.0006539239984704182, 0.000680540000757901, 0.0006960809987504035, 0.00383665600020322, 0.0006548689998453483, 0.0007650130028196145, 0.0006389499976648949, 0.0006731029970978852, 0.000688967000314733, 0.0007116310007404536, 0.0006846029973530676, 0.0006516499997815117, 0.0007005410006968305, 0.0006465510014095344, 0.0006308939991868101, 0.0007325120022869669, 0.0006966279979678802, 0.0006437269985326566, 0.0006351500014716294, 0.0006457070012402255, 0.0006525380013044924, 0.0006525149983644951, 0.0006123579987615813, 0.0007745789989712648, 0.000663951002934482, 0.0006554089995916001, 0.0007048790030239616, 0.000695337999786716, 0.0006309849995886907, 0.0008829500002320856, 0.0006219269998837262, 0.0006353890021273401, 0.0006544129973917734, 0.0006103070008975919, 0.0006709070003125817, 0.0007158170010370668, 0.0007347730024775956, 0.0006739329983247444, 0.0006788110003981274, 0.0006600989981961902, 0.0006634719975409098, 0.0006343099994410295, 0.0006820189992140513, 0.0006609100018977188, 0.0006132910020824056, 0.0006119659992691595, 0.0005998369997541886, 0.0006176239985506982, 0.0006861950023449026, 0.0006885580005473457, 0.00064458300039405, 0.0006476029993791599, 0.0006166429993754718, 0.0006343310014926828, 0.0006523759984702338, 0.0006920310006535146, 0.0006281150017457549, 0.0006622600012633484, 0.0006546760014316533, 0.000636998000118183, 0.0006111689981480595, 0.0006785939986002631, 0.0006709959998261184, 0.0006395320015144534, 0.0006172940011310857, 0.0006455469992943108, 0.0007142790018406231, 0.0008938579994719476], "lsd_c_10_isolate_byte_nodisc": [0.0006043739995220676, 0.0008065039983193856, 0.0008128830013447441, 0.0007788169968989678, 0.000760315997467842, 0.0033225829974981025, 0.0008273540006484836, 0.0006242780000320636, 0.0007459059997927397, 0.0007497570004488807, 0.0006587469979422167, 0.0007248040019476321, 0.0007408029996440746, 0.0007552840033895336, 0.0008012329999473877, 0.0007769039984850679, 0.0007592830006615259, 0.0007325820006371941, 0.0006670789989584591, 0.0007861900012358092, 0.0007549529982497916, 0.0015821829983906355, 0.0010151450005650986, 0.001022266998916166, 0.0009291610003856476, 0.0008774470006756019, 0.0009907540006679483, 0.0011090549996879417, 0.001088804998289561, 0.0010371579992352054, 0.0010072719996969681, 0.0008687839981575962, 0.0010046210009022616, 0.0011395219989935867, 0.0010107620000781026, 0.000878629998624092, 0.0008416920027229935, 0.0008540189992345404, 0.000676686002407223, 0.0008665269997436553, 0.0009824810003919993, 0.000828410000394797, 0.0008846790005918592, 0.0008582910013501532, 0.0007356620008067694, 0.0008091300005617086, 0.00093642900174018, 0.0007584859995404258, 0.0007879619988671038, 0.0007115879998309538, 0.0007692220024182461, 0.0006950239985599183, 0.0005787989975942764, 0.0007642130003659986, 0.0008011760000954382, 0.0008581289985158946, 0.0006466009981522802, 0.0008118069999909494, 0.000760425999033032, 0.000805987001513131, 0.002470194001944037, 0.0006672269992122892, 0.0007437330023094546, 0.0007759840009384789, 0.0008444030027021654, 0.0008591299992986023, 0.000695064001774881, 0.0008336409991898108, 0.0008236499998020008, 0.0008022239999263547, 0.0007601329998578876, 0.0006132369999249931, 0.000901115003216546, 0.0011139509988424834, 0.0007379610033240169, 0.0007822750012564939, 0.0006489179977506865, 0.0008015019993763417, 0.0007166330033214763, 0.000689085998601513, 0.0009006990003399551, 0.0008223190015996806, 0.0006327869996312074, 0.0008132800030580256, 0.0007508730013796594, 0.000767174999054987, 0.0007926559992483817, 0.0008371710027859081, 0.0007528679998358712, 0.0007150990022637416, 0.000619112001004396, 0.0008952790012699552, 0.0008138100020005368, 0.0006886749979457818, 0.0008204730002034921, 0.000740360002964735, 0.0009869330024230294, 0.0007708510020165704, 0.0005765300011262298, 0.0007804580018273555]}}]}