{"radix_sort": [{"data_type": "Random", "data_size": "small", "rows": 100, "cols": 50000, "times": {"lsd_c_8_isolate_byte_nodisc": [0.0006790740008000284, 0.0006952160001674201, 0.0006560980000358541, 0.0006277249995036982, 0.0006698000033793505, 0.0030319510005938355, 0.0006790229999751318, 0.0006642379994445946, 0.0006669289978162851, 0.0006592530007765163, 0.0006446890001825523, 0.0007659180009795818, 0.0006837670007371344, 0.0006510769999295007, 0.0006735739989380818, 0.0006216889996721875, 0.0006272459977481049, 0.0006917389982845634, 0.0006758769995940384, 0.0006475420013885014, 0.0006430579996958841, 0.0011482209993118886, 0.0006140529985714238, 0.000618428999587195, 0.0006265750016609672, 0.0006472129971371032, 0.000640014997770777, 0.0007116140004654881, 0.0007243479994940571, 0.0006357130005198997, 0.00067951799792354, 0.0006596759994863532, 0.0006555899999511894, 0.0006841819995315745, 0.000669597000523936, 0.0031895860010990873, 0.0006215889989107382, 0.0006782290001865476, 0.0007297429983736947, 0.0006945290006115101, 0.0006571500016434584, 0.0006916020029166248, 0.0006565469993802253, 0.0006139040015114006, 0.000665893003315432, 0.0006827069992141332, 0.0006328060007945169, 0.000711958000465529, 0.0006775340007152408, 0.0006706550011585932, 0.0006155369992484339, 0.0006291769968811423, 0.0006399240010068752, 0.0006254489999264479, 0.0006337919985526241, 0.0006386479981301818, 0.0006423939994419925, 0.0006273600010899827, 0.0007072120024531614, 0.0006448409985750914, 0.0007020379998721182, 0.0022803360006946605, 0.0006727360014338046, 0.0006359740000334568, 0.0006061320018488914, 0.0007354260014835745, 0.0006799990005674772, 0.00071306100289803, 0.0006560119982168544, 0.0007541970007878263, 0.0006495569978142157, 0.0006567720010934863, 0.0006395900018105749, 0.0007087979975040071, 0.11152356099773897, 0.0006208429986145347, 0.0006581770030607004, 0.0006001520014251582, 0.0006157829993753694, 0.0006272080026974436, 0.0006796750021749176, 0.0006777190028515179, 0.0006419599994842429, 0.000619795002421597, 0.0006496639980468899, 0.0006296880019363016, 0.0006394539996108506, 0.0006702639984723646, 0.0007171860015660059, 0.0006596590028493665, 0.0006589610020455439, 0.0006715059971611481, 0.0006899519976286683, 0.0007615430004079826, 0.0006664819993602578, 0.0006480809970526025, 0.0006124319988884963, 0.0007075739995343611, 0.0006635950012423564, 0.0006316100007097702], "lsd_c_10_isolate_byte_nodisc": [0.0005749779993493576, 0.0007715769970673136, 0.0007372250001935754, 0.0007505670000682585, 0.0007221970008686185, 0.0007635859983565751, 0.0008179930009646341, 0.0006423810009437148, 0.0007166919967858121, 0.000630744998488808, 0.0008378940001421142, 0.0008244260025094263, 0.0007346260026679374, 0.0005718229986086953, 0.0007412039994960651, 0.0006969349997234531, 0.0006467929997597821, 0.0006558169989148155, 0.0007815659992047586, 0.0007578110016766004, 0.001269075000891462, 0.0007821539984433912, 0.0006464639991463628, 0.0006934089979040436, 0.0006300199966062792, 0.0007835649994376581, 0.000697666997439228, 0.0007334160000027623, 0.0006848089979030192, 0.0007442460009770002, 0.0007794739976816345, 0.0007093639978847932, 0.0007212660020741168, 0.0007820729988452513, 0.0007839140016585588, 0.0008576950021961238, 0.0007504259992856532, 0.0007852119997551199, 0.0008644289991934784, 0.0007935520006867591, 0.000758057001803536, 0.0006670980001217686, 0.0006623639965255279, 0.0007594599992444273, 0.0006132609996711835, 0.0006881469998916145, 0.0007944309982121922, 0.0011194300022907555, 0.000704866000887705, 0.0007659039983991534, 0.0007387180012301542, 0.0008069440009421669, 0.0005875120004930068, 0.0007829999995010439, 0.0007681930001126602, 0.0007563669969385955, 0.0008039530002861284, 0.0007997240027179942, 0.000743946002330631, 0.0005745599992224015, 0.0006828219993622042, 0.0006316819999483414, 0.0007838860001356807, 0.000686183000652818, 0.0006199640010891017, 0.0007837880002625752, 0.0006894850012031384, 0.0007628349994774908, 0.0007725510004092939, 0.0007133990002330393, 0.0007932780026749242, 0.0011667770013445988, 0.0007619329990120605, 0.000765838998631807, 0.0007970690021465998, 0.0008603710011811927, 0.0008010019992070738, 0.0007693259976804256, 0.0007942939992062747, 0.0009694309992482886, 0.0008137069999065716, 0.0006057720020180568, 0.0007605130012962036, 0.0006410870009858627, 0.0007313819987757597, 0.0007985879965417553, 0.0008323309994011652, 0.0005984540002827998, 0.0007534959986514878, 0.000936504002311267, 0.0007473129990103189, 0.0007897779978520703, 0.000822881000203779, 0.000618775997281773, 0.0006623239969485439, 0.0008327440009452403, 0.0006485280027845874, 0.0007109910002327524, 0.0007096719964465592, 0.0007984830008354038]}}]}