{"radix_sort": [{"data_type": "Random", "data_size": "small", "rows": 100, "cols": 10000, "times": {"msd_c_6_never_insert": [0.000537462008651346, 0.00046642600500490516, 0.00039444799767807126, 0.0004505680117290467, 0.0004074809985468164, 0.008685007007443346, 0.0004195340006845072, 0.00039559099241159856, 0.0004346779896877706, 0.0004306089977035299, 0.00039416499203071, 0.0004237219982314855, 0.0004414650029502809, 0.00038141600089147687, 0.0003679489891510457, 0.012612075006472878, 0.00043738998647313565, 0.00046255200868472457, 0.0004815769934793934, 0.0004543649993138388, 0.00041024500387720764, 0.00041579701064620167, 0.0004939490027027205, 0.000423574005253613, 0.0003929090016754344, 0.0004343790060374886, 0.0004097179917152971, 0.0004146269930060953, 0.004390885005705059, 0.0004599030071403831, 0.00039106800977606326, 0.00040862099558580667, 0.00037455699930433184, 0.00040748598985373974, 0.0033732309966580942, 0.00039297099283430725, 0.0004046070098411292, 0.0004200870025670156, 0.00044480100041255355, 0.0003930959937861189, 0.00041322701144963503, 0.004603377994499169, 0.00034330000926274806, 0.00040714700298849493, 0.00037879000592511147, 0.0003873940004268661, 0.0003878919960698113, 0.003366770994034596, 0.00042827399738598615, 0.00039224499778356403, 0.00041263599996455014, 0.0003819159901468083, 0.00041512399911880493, 0.00038739200681447983, 0.0004208570026094094, 0.0004100310034118593, 0.00043049099622294307, 0.0003898379945894703, 0.0003962079936172813, 0.00039759199717082083, 0.0033390830067219213, 0.00042572501115500927, 0.00039426100556738675, 0.0003908680082531646, 0.00040478499431628734, 0.0003805919986916706, 0.00044295199040789157, 0.00039469900366384536, 0.0004071809962624684, 0.0003694969927892089, 0.00041092399624176323, 0.0003870539949275553, 0.00041936300112865865, 0.003386433993000537, 0.000406777995522134, 0.0003873859968734905, 0.00046862800081726164, 0.00043194300087634474, 0.0004207159945508465, 0.003055745008168742, 0.0004275639948900789, 0.00041584399878047407, 0.0003823939914582297, 0.00043212198943365365, 0.0004034850135212764, 0.0003893410030286759, 0.00048007399891503155, 0.0004392660048324615, 0.000500342997838743, 0.00043657700007315725, 0.00045937299728393555, 0.0004654359945561737, 0.0035751810064539313, 0.00044563600386027247, 0.00043856000411324203, 0.00047868800174910575, 0.00042787900019902736, 0.00048249700921587646, 0.0005036419897805899, 0.0005014799971831962], "msd_c_8_never_insert": [0.0012122869957238436, 0.00099697700352408, 0.006868788012070581, 0.0009840010025072843, 0.0009636970062274486, 0.0009458459971938282, 0.0059424409992061555, 0.0009523920016363263, 0.000921184997423552, 0.0010345460032112896, 0.011950689004152082, 0.001016744994558394, 0.0009707240096759051, 0.0024413890059804544, 0.00105598199297674, 0.0009276859927922487, 0.0024489250063197687, 0.0009506689966656268, 0.0009613319998607039, 0.0009881870064418763, 0.0009314979979535565, 0.0009097080037463456, 0.0009725419949973002, 0.0028495070000644773, 0.0008981760038295761, 0.0009342590055894107, 0.003091142003540881, 0.0009479169966652989, 0.0009270790033042431, 0.0022763710003346205, 0.0009128779929596931, 0.0009130029939115047, 0.0009224149980582297, 0.0009872110094875097, 0.0008867500000633299, 0.000900095998076722, 0.0024997620057547465, 0.0009566759981680661, 0.0009799550025491044, 0.00232664099894464, 0.0009841580031206831, 0.0009287839930038899, 0.0027407930028857663, 0.0009577369928592816, 0.0009630209970055148, 0.0009407269972143695, 0.0025144380051642656, 0.0009972460102289915, 0.0008803289965726435, 0.0026069079904118553, 0.0009147149976342916, 0.0008938030077842996, 0.003777143996558152, 0.0009454669925617054, 0.0008809339924482629, 0.0008869370067259297, 0.0008948239992605522, 0.0009839620033744723, 0.000897407007869333, 0.0027621200133580714, 0.0009252040035789832, 0.0009310449968324974, 0.0024438109976472333, 0.0009193759906338528, 0.0009126780059887096, 0.0025996339973062277, 0.0009085740020964295, 0.0009061099990503863, 0.0009050230000866577, 0.0009413459920324385, 0.0008864209958119318, 0.0009609819971956313, 0.002695461007533595, 0.0009298069926444441, 0.0009127469966188073, 0.002431806002277881, 0.000899575010407716, 0.0009126939985435456, 0.0023967949964571744, 0.0010106710105901584, 0.0009143059869529679, 0.0008974869997473434, 0.0026853110030060634, 0.001362712006084621, 0.0009622640063753352, 0.00477716900059022, 0.0010043660004157573, 0.001279315009014681, 0.006823764008004218, 0.001007314000162296, 0.0009659909992478788, 0.0009425790049135685, 0.0010369709925726056, 0.000966941996011883, 0.0010639829997671768, 0.01028033001057338, 0.0015471740043722093, 0.0010936039907392114, 0.0023707369982730597, 0.0010645799920894206], "msd_c_10_never_insert": [0.014494392002234235, 0.006334596007945947, 0.005990221005049534, 0.005941219991655089, 0.005697558997781016, 0.005859140990651213, 0.00568068100255914, 0.005823079001856968, 0.005708386001060717, 0.00569734800956212, 0.00595489599800203, 0.006176132999826223, 0.005629130988381803, 0.005642176009132527, 0.006047096001566388, 0.005708733995561488, 0.005751402000896633, 0.00593447798746638, 0.00620918400818482, 0.006257087006815709, 0.005656970010022633, 0.005912385997362435, 0.005316748996847309, 0.005857453012140468, 0.006211661995621398, 0.006264773997827433, 0.006275360006839037, 0.006047666989616118, 0.005978904009680264, 0.005933603999437764, 0.0055634420132264495, 0.0057756239984882995, 0.005802554005640559, 0.005666701996233314, 0.005827143992064521, 0.005321021002600901, 0.005879489006474614, 0.005520776001503691, 0.005719724009395577, 0.006058190003386699, 0.005729986994992942, 0.005824673993629403, 0.005725817012717016, 0.005811278999317437, 0.0059896460006712005, 0.005848871995112859, 0.005861510988324881, 0.00585276099445764, 0.005798445999971591, 0.006161607991089113, 0.006678965990431607, 0.006484854995505884, 0.006104725005570799, 0.005817141005536541, 0.0061440590070560575, 0.005904753998038359, 0.006104446001700126, 0.006243203999474645, 0.005909165003686212, 0.005713371007004753, 0.0058204259985359386, 0.00618934299563989, 0.006585189999896102, 0.012527521001175046, 0.008876850013621151, 0.014729474001796916, 0.006350801995722577, 0.006069928000215441, 0.006160251999972388, 0.006320362008409575, 0.006102212006226182, 0.006725701998220757, 0.006079694998334162, 0.00589229199977126, 0.006068193004466593, 0.005740480002714321, 0.005808850008179434, 0.006028564996086061, 0.005985025010886602, 0.005918645998463035, 0.005596830989816226, 0.006031309996615164, 0.005974087995127775, 0.005781917003332637, 0.00592414200946223, 0.005679495996446349, 0.005870537992450409, 0.005953507003141567, 0.005914168999879621, 0.005844016995979473, 0.00533041701419279, 0.005861646000994369, 0.006235323991859332, 0.006003970003803261, 0.006446560000767931, 0.006173760004458018, 0.005985833005979657, 0.005735878003179096, 0.005693977000191808, 0.005944989010458812],