{
    "radix_sort": [
        {
            "data_type": "Random",
            "data_size": "large",
            "rows": 10,
            "cols": 10000,
            "times": {
                "msd_c_6_workingfinal": [
                    0.0002476800000295043,
                    0.00023488100850954652,
                    0.00021847299649380147,
                    0.00022222699772100896,
                    0.00030123400210868567,
                    0.0002565769973443821,
                    0.00021757499780505896,
                    0.0002119579876307398,
                    0.004215067994664423,
                    0.0002736809983616695
                ],
                "msd_c_6_workingfinalnosort": [
                    0.0001747619971865788,
                    0.0002401550009381026,
                    0.0002583460009191185,
                    0.00020678900182247162,
                    0.0001716559927444905,
                    0.00020521199621725827,
                    0.00026946199068333954,
                    0.00027154298732057214,
                    0.00027696100005414337,
                    0.0002620529994601384
                ],
                "msd_p_2_workingfinalnosort": [
                    0.0005337000038707629,
                    0.0006831479986431077,
                    0.0004467129911063239,
                    0.004156041002715938,
                    0.0004827049997402355,
                    0.0006531670078402385,
                    0.0005887369916308671,
                    0.003797440993366763,
                    0.000498583001899533,
                    0.000637245990219526
                ]
            }
        },
        {
            "data_type": "Random",
            "data_size": "large",
            "rows": 10,
            "cols": 100000,
            "times": {
                "msd_c_6_workingfinal": [
                    0.07615983199502807,
                    0.003693634003866464,
                    0.00493972199910786,
                    0.013980460003949702,
                    0.011784240996348672,
                    0.01577655899745878,
                    0.07626968299155124,
                    0.0028656439972110093,
                    0.002870396012440324,
                    0.014735314005520195
                ],
                "msd_c_6_workingfinalnosort": [
                    0.0024826989974826574,
                    0.008211184001993388,
                    0.003191248993971385,
                    0.002747370002907701,
                    0.0025136490003205836,
                    0.020640721995732747,
                    0.016213053997489624,
                    0.002997176008648239,
                    0.00885952400858514,
                    0.002467208993039094
                ],
                "msd_p_2_workingfinalnosort": [
                    0.012716776007437147,
                    0.01977709100174252,
                    0.017523503993288614,
                    0.01730778800265398,
                    0.01616225099132862,
                    0.0746901969978353,
                    0.0170259730075486,
                    0.015817545994650573,
                    0.015578254999127239,
                    0.015637304008123465
                ]
            }
        },
        {
            "data_type": "Random",
            "data_size": "large",
            "rows": 10,
            "cols": 1000000,
            "times": {
                "msd_c_6_workingfinal": [
                    0.03709038399392739,
                    0.040501580995623954,
                    0.039546062995214015,
                    0.04826861000037752,
                    0.04905305299325846,
                    0.05296318599721417,
                    0.04607718599436339,
                    0.04671017499640584,
                    0.04656865900324192,
                    0.046981785009847954
                ],
                "msd_c_6_workingfinalnosort": [
                    0.03298629699565936,
                    0.033275099005550146,
                    0.029545640994911082,
                    0.03616836899891496,
                    0.036456392001127824,
                    0.04050570500839967,
                    0.03924960999574978,
                    0.0351766499952646,
                    0.036830536992056295,
                    0.03799502499168739
                ],
                "msd_p_2_workingfinalnosort": [
                    0.084010215010494,
                    0.0822704949969193,
                    0.09158386800845619,
                    0.1067564510012744,
                    0.09814332799578551,
                    0.08980658299697097,
                    0.09066539599734824,
                    0.09199767699465156,
                    0.09255614900030196,
                    0.0911420759948669
                ]
            }
        }
    ]
}