{
    "radix_sort": [
        {
            "data_type": "Random",
            "data_size": "large",
            "rows": 10,
            "cols": 100000,
            "times": {
                "lsd_c_8_workingfinal": [
                    0.002962176999062649,
                    0.006292923000728479,
                    0.002562568000939791,
                    0.0036944379990018206,
                    0.002730497000811738,
                    0.0028040560009685578,
                    0.0030388830000447342,
                    0.03795644099955098,
                    0.00394759799928579,
                    0.0038693110000167508
                ],
                "lsd_p_8_workingfinal": [
                    0.0399016749997827,
                    0.03358468599981279,
                    0.025964900998587837,
                    0.01852943599988066,
                    0.019053721998716355,
                    0.020902192998619284,
                    0.023993558999791276,
                    0.0215457049998804,
                    0.0215088660006586,
                    0.02276209000046947
                ],
                "msd_c_8_workingfinal": [
                    0.0052291440006229095,
                    0.030239961999541265,
                    0.0037582599998131627,
                    0.0035800850000669016,
                    0.004473848999623442,
                    0.03321644700008619,
                    0.0032226309995166957,
                    0.0034166200002800906,
                    0.002704907999941497,
                    0.003221430000849068
                ],
                "msd_p_8_workingfinal": [
                    0.013230812999609043,
                    0.008750873999815667,
                    0.00751086799937184,
                    0.0317440290000377,
                    0.006725406999976258,
                    0.03085559100145474,
                    0.006740294000337599,
                    0.02387389199975587,
                    0.006060224999600905,
                    0.021252009999443544
                ]
            }
        },
        {
            "data_type": "Random",
            "data_size": "large",
            "rows": 10,
            "cols": 1000000,
            "times": {
                "lsd_c_8_workingfinal": [
                    0.027856194999912987,
                    0.027084479999757605,
                    0.025780781999856117,
                    0.026579268000205047,
                    0.024846700000125566,
                    0.032076591000077315,
                    0.0343312450004305,
                    0.025602402000004076,
                    0.02365913100038597,
                    0.024631358000988257
                ],
                "lsd_p_8_workingfinal": [
                    0.33644748099868593,
                    0.3330409990012413,
                    0.3306265720002557,
                    0.3288406699994084,
                    0.3259302859987656,
                    0.32858875100100704,
                    0.3318726500001503,
                    0.3359802569993917,
                    0.3338806339997973,
                    0.3273955280001246
                ],
                "msd_c_8_workingfinal": [
                    0.016587426000114647,
                    0.022628867000094033,
                    0.020367245999295847,
                    0.017127626000728924,
                    0.023890439999377122,
                    0.025204027000654605,
                    0.024744822998400196,
                    0.02288626200061117,
                    0.02447579200088512,
                    0.023939723998410045
                ],
                "msd_p_8_workingfinal": [
                    0.12495738899997377,
                    0.12029010199876211,
                    0.1256305560000328,
                    0.1206353699999454,
                    0.11909704900062934,
                    0.11968108899964136,
                    0.11834440899838228,
                    0.12192008199963311,
                    0.119843366999703,
                    0.11950505399909161
                ]
            }
        },
        {
            "data_type": "Random",
            "data_size": "large",
            "rows": 10,
            "cols": 10000000,
            "times": {
                "lsd_c_8_workingfinal": [
                    0.30031493500064244,
                    0.2966711659992143,
                    0.3085160749997158,
                    0.313809018000029,
                    0.30022638700029347,
                    0.28363670199905755,
                    0.3049214729999221,
                    0.3137363750010991,
                    0.3052591729992855,
                    0.3079393509997317
                ]
            }
        }
    ]
}